# Arabic explicit terms — GENERATED, do not edit by hand.
#
#   python3 gen_terms_ar.py
#
# Curated vocabulary lives in gen_terms_ar.py, organised by dialect; the
# spellings below are expanded from it. Edit the generator, not this file.
#
# terms.py reads this AFTER terms.ar.tsv, and the compiler keeps the first
# weight it sees, so any hand-set weight in terms.ar.tsv always wins over the
# generated one here.

اباحي	8.0
اباحي hd	8.0
اباحي اردني	8.0
اباحي اماراتي	8.0
اباحي اون لاين	8.0
اباحي بنات	8.0
اباحي تونسي	8.0
اباحي جديد	8.0
اباحي جزايري	8.0
اباحي حقيقي	8.0
اباحي خليجي	8.0
اباحي ساخن	8.0
اباحي ساخنه	8.0
اباحي سعودي	8.0
اباحي سوداني	8.0
اباحي سوري	8.0
اباحي عراقي	8.0
اباحي عربي	8.0
اباحي عربيه	8.0
اباحي فضيحه	8.0
اباحي فلسطيني	8.0
اباحي قطري	8.0
اباحي كامل	8.0
اباحي كويتي	8.0
اباحي لبناني	8.0
اباحي ليبي	8.0
اباحي مترجم	8.0
اباحي مجانا	8.0
اباحي مجاني	8.0
اباحي محارم	8.0
اباحي محجبات	8.0
اباحي مراهقات	8.0
اباحي مسرب	8.0
اباحي مصري	8.0
اباحي مصريه	8.0
اباحي مغربي	8.0
اباحي منقبات	8.0
اباحي نار	8.0
اباحي نساء	8.0
اباحي يمني	8.0
اباحيات	8.0
اباحيه	8.0
اباحيه hd	8.0
اباحيه اردني	8.0
اباحيه اماراتي	8.0
اباحيه اون لاين	8.0
اباحيه بنات	8.0
اباحيه تونسي	8.0
اباحيه جديد	8.0
اباحيه جزايري	8.0
اباحيه حقيقي	8.0
اباحيه خليجي	8.0
اباحيه ساخن	8.0
اباحيه ساخنه	8.0
اباحيه سعودي	8.0
اباحيه سوداني	8.0
اباحيه سوري	8.0
اباحيه عراقي	8.0
اباحيه عربي	8.0
اباحيه عربيه	8.0
اباحيه فضيحه	8.0
اباحيه فلسطيني	8.0
اباحيه قطري	8.0
اباحيه كامل	8.0
اباحيه كويتي	8.0
اباحيه لبناني	8.0
اباحيه ليبي	8.0
اباحيه مترجم	8.0
اباحيه مجانا	8.0
اباحيه مجاني	8.0
اباحيه محارم	8.0
اباحيه محجبات	8.0
اباحيه مراهقات	8.0
اباحيه مسرب	8.0
اباحيه مصري	8.0
اباحيه مصريه	8.0
اباحيه مغربي	8.0
اباحيه منقبات	8.0
اباحيه نار	8.0
اباحيه نساء	8.0
اباحيه يمني	8.0
اتاره جنسيه	4.0
اتناكت	8.0
اثاره جنسيه	6.0
اثاره قنسيه	4.0
اجمل اباحي	8.0
اجمل اباحيه	8.0
اجمل استمناء	8.0
اجمل بزاز	8.0
اجمل بورن	8.0
اجمل تعري	8.0
اجمل خلاعه	8.0
اجمل دعاره	8.0
اجمل سكس	8.0
اجمل سكسي	8.0
اجمل شرجي	8.0
اجمل شرموطه	8.0
اجمل طيز	8.0
اجمل عاري	8.0
اجمل عاريه	8.0
اجمل عاهرات	8.0
اجمل قحبه	8.0
اجمل كس	8.0
اجمل متناكه	8.0
اجمل محارم	8.0
اجمل نياكه	8.0
اجمل نيك	8.0
احدث اباحي	8.0
احدث اباحيه	8.0
احدث استمناء	8.0
احدث بزاز	8.0
احدث بورن	8.0
احدث تعري	8.0
احدث خلاعه	8.0
احدث دعاره	8.0
احدث سكس	8.0
احدث سكسي	8.0
احدث شرجي	8.0
احدث شرموطه	8.0
احدث طيز	8.0
احدث عاري	8.0
احدث عاريه	8.0
احدث عاهرات	8.0
احدث قحبه	8.0
احدث كس	8.0
احدث متناكه	8.0
احدث محارم	8.0
احدث نياكه	8.0
احدث نيك	8.0
احلي اباحي	8.0
احلي اباحيه	8.0
احلي استمناء	8.0
احلي بزاز	8.0
احلي بورن	8.0
احلي تعري	8.0
احلي خلاعه	8.0
احلي دعاره	8.0
احلي سكس	8.0
احلي سكسي	8.0
احلي شرجي	8.0
احلي شرموطه	8.0
احلي طيز	8.0
احلي عاري	8.0
احلي عاريه	8.0
احلي عاهرات	8.0
احلي قحبه	8.0
احلي كس	8.0
احلي متناكه	8.0
احلي محارم	8.0
احلي نياكه	8.0
احلي نيك	8.0
اساره جنسيه	4.0
استمناء	6.0
استمناء hd	8.0
استمناء اردني	8.0
استمناء اماراتي	8.0
استمناء اون لاين	8.0
استمناء بنات	8.0
استمناء تونسي	8.0
استمناء جديد	8.0
استمناء جزايري	8.0
استمناء حقيقي	8.0
استمناء خليجي	8.0
استمناء ساخن	8.0
استمناء ساخنه	8.0
استمناء سعودي	8.0
استمناء سوداني	8.0
استمناء سوري	8.0
استمناء عراقي	8.0
استمناء عربي	8.0
استمناء عربيه	8.0
استمناء فضيحه	8.0
استمناء فلسطيني	8.0
استمناء قطري	8.0
استمناء كامل	8.0
استمناء كويتي	8.0
استمناء لبناني	8.0
استمناء ليبي	8.0
استمناء مترجم	8.0
استمناء مجانا	8.0
استمناء مجاني	8.0
استمناء محارم	8.0
استمناء محجبات	8.0
استمناء مراهقات	8.0
استمناء مسرب	8.0
استمناء مصري	8.0
استمناء مصريه	8.0
استمناء مغربي	8.0
استمناء منقبات	8.0
استمناء نار	8.0
استمناء نساء	8.0
استمناء يمني	8.0
افلام اباحي	8.0
افلام اباحي اردني	8.0
افلام اباحي اماراتي	8.0
افلام اباحي تونسي	8.0
افلام اباحي جزايري	8.0
افلام اباحي خليجي	8.0
افلام اباحي سعودي	8.0
افلام اباحي سوري	8.0
افلام اباحي عراقي	8.0
افلام اباحي عربي	8.0
افلام اباحي عربيه	8.0
افلام اباحي فلسطيني	8.0
افلام اباحي كويتي	8.0
افلام اباحي لبناني	8.0
افلام اباحي مصري	8.0
افلام اباحي مصريه	8.0
افلام اباحي مغربي	8.0
افلام اباحيه	8.0
افلام اباحيه اردني	8.0
افلام اباحيه اماراتي	8.0
افلام اباحيه تونسي	8.0
افلام اباحيه جزايري	8.0
افلام اباحيه خليجي	8.0
افلام اباحيه سعودي	8.0
افلام اباحيه سوري	8.0
افلام اباحيه عراقي	8.0
افلام اباحيه عربي	8.0
افلام اباحيه عربيه	8.0
افلام اباحيه فلسطيني	8.0
افلام اباحيه كويتي	8.0
افلام اباحيه لبناني	8.0
افلام اباحيه مصري	8.0
افلام اباحيه مصريه	8.0
افلام اباحيه مغربي	8.0
افلام استمناء	8.0
افلام بزاز	8.0
افلام بورن	8.0
افلام بورن اردني	8.0
افلام بورن اماراتي	8.0
افلام بورن تونسي	8.0
افلام بورن جزايري	8.0
افلام بورن خليجي	8.0
افلام بورن سعودي	8.0
افلام بورن سوري	8.0
افلام بورن عراقي	8.0
افلام بورن عربي	8.0
افلام بورن عربيه	8.0
افلام بورن فلسطيني	8.0
افلام بورن كويتي	8.0
افلام بورن لبناني	8.0
افلام بورن مصري	8.0
افلام بورن مصريه	8.0
افلام بورن مغربي	8.0
افلام تعري	8.0
افلام خلاعه	8.0
افلام خلاعه اردني	8.0
افلام خلاعه اماراتي	8.0
افلام خلاعه تونسي	8.0
افلام خلاعه جزايري	8.0
افلام خلاعه خليجي	8.0
افلام خلاعه سعودي	8.0
افلام خلاعه سوري	8.0
افلام خلاعه عراقي	8.0
افلام خلاعه عربي	8.0
افلام خلاعه عربيه	8.0
افلام خلاعه فلسطيني	8.0
افلام خلاعه كويتي	8.0
افلام خلاعه لبناني	8.0
افلام خلاعه مصري	8.0
افلام خلاعه مصريه	8.0
افلام خلاعه مغربي	8.0
افلام دعاره	8.0
افلام دعاره اردني	8.0
افلام دعاره اماراتي	8.0
افلام دعاره تونسي	8.0
افلام دعاره جزايري	8.0
افلام دعاره خليجي	8.0
افلام دعاره سعودي	8.0
افلام دعاره سوري	8.0
افلام دعاره عراقي	8.0
افلام دعاره عربي	8.0
افلام دعاره عربيه	8.0
افلام دعاره فلسطيني	8.0
افلام دعاره كويتي	8.0
افلام دعاره لبناني	8.0
افلام دعاره مصري	8.0
افلام دعاره مصريه	8.0
افلام دعاره مغربي	8.0
افلام سكس	8.0
افلام سكس اردني	8.0
افلام سكس اماراتي	8.0
افلام سكس تونسي	8.0
افلام سكس جزايري	8.0
افلام سكس خليجي	8.0
افلام سكس سعودي	8.0
افلام سكس سوري	8.0
افلام سكس عراقي	8.0
افلام سكس عربي	8.0
افلام سكس عربيه	8.0
افلام سكس فلسطيني	8.0
افلام سكس كويتي	8.0
افلام سكس لبناني	8.0
افلام سكس مصري	8.0
افلام سكس مصريه	8.0
افلام سكس مغربي	8.0
افلام سكسي	8.0
افلام شرجي	8.0
افلام شرموطه	8.0
افلام شرموطه اردني	8.0
افلام شرموطه اماراتي	8.0
افلام شرموطه تونسي	8.0
افلام شرموطه جزايري	8.0
افلام شرموطه خليجي	8.0
افلام شرموطه سعودي	8.0
افلام شرموطه سوري	8.0
افلام شرموطه عراقي	8.0
افلام شرموطه عربي	8.0
افلام شرموطه عربيه	8.0
افلام شرموطه فلسطيني	8.0
افلام شرموطه كويتي	8.0
افلام شرموطه لبناني	8.0
افلام شرموطه مصري	8.0
افلام شرموطه مصريه	8.0
افلام شرموطه مغربي	8.0
افلام طيز	8.0
افلام عاري	8.0
افلام عاري اردني	8.0
افلام عاري اماراتي	8.0
افلام عاري تونسي	8.0
افلام عاري جزايري	8.0
افلام عاري خليجي	8.0
افلام عاري سعودي	8.0
افلام عاري سوري	8.0
افلام عاري عراقي	8.0
افلام عاري عربي	8.0
افلام عاري عربيه	8.0
افلام عاري فلسطيني	8.0
افلام عاري كويتي	8.0
افلام عاري لبناني	8.0
افلام عاري مصري	8.0
افلام عاري مصريه	8.0
افلام عاري مغربي	8.0
افلام عاريه	8.0
افلام عاريه اردني	8.0
افلام عاريه اماراتي	8.0
افلام عاريه تونسي	8.0
افلام عاريه جزايري	8.0
افلام عاريه خليجي	8.0
افلام عاريه سعودي	8.0
افلام عاريه سوري	8.0
افلام عاريه عراقي	8.0
افلام عاريه عربي	8.0
افلام عاريه عربيه	8.0
افلام عاريه فلسطيني	8.0
افلام عاريه كويتي	8.0
افلام عاريه لبناني	8.0
افلام عاريه مصري	8.0
افلام عاريه مصريه	8.0
افلام عاريه مغربي	8.0
افلام عاهرات	8.0
افلام قحبه	8.0
افلام قحبه اردني	8.0
افلام قحبه اماراتي	8.0
افلام قحبه تونسي	8.0
افلام قحبه جزايري	8.0
افلام قحبه خليجي	8.0
افلام قحبه سعودي	8.0
افلام قحبه سوري	8.0
افلام قحبه عراقي	8.0
افلام قحبه عربي	8.0
افلام قحبه عربيه	8.0
افلام قحبه فلسطيني	8.0
افلام قحبه كويتي	8.0
افلام قحبه لبناني	8.0
افلام قحبه مصري	8.0
افلام قحبه مصريه	8.0
افلام قحبه مغربي	8.0
افلام كس	8.0
افلام متناكه	8.0
افلام محارم	8.0
افلام محارم اردني	8.0
افلام محارم اماراتي	8.0
افلام محارم تونسي	8.0
افلام محارم جزايري	8.0
افلام محارم خليجي	8.0
افلام محارم سعودي	8.0
افلام محارم سوري	8.0
افلام محارم عراقي	8.0
افلام محارم عربي	8.0
افلام محارم عربيه	8.0
افلام محارم فلسطيني	8.0
افلام محارم كويتي	8.0
افلام محارم لبناني	8.0
افلام محارم مصري	8.0
افلام محارم مصريه	8.0
افلام محارم مغربي	8.0
افلام نياكه	8.0
افلام نيك	8.0
افلام نيك اردني	8.0
افلام نيك اماراتي	8.0
افلام نيك تونسي	8.0
افلام نيك جزايري	8.0
افلام نيك خليجي	8.0
افلام نيك سعودي	8.0
افلام نيك سوري	8.0
افلام نيك عراقي	8.0
افلام نيك عربي	8.0
افلام نيك عربيه	8.0
افلام نيك فلسطيني	8.0
افلام نيك كويتي	8.0
افلام نيك لبناني	8.0
افلام نيك مصري	8.0
افلام نيك مصريه	8.0
افلام نيك مغربي	8.0
الاباحيه	8.0
البوم اباحي	8.0
البوم اباحيه	8.0
البوم استمناء	8.0
البوم بزاز	8.0
البوم بورن	8.0
البوم تعري	8.0
البوم خلاعه	8.0
البوم دعاره	8.0
البوم سكس	8.0
البوم سكسي	8.0
البوم شرجي	8.0
البوم شرموطه	8.0
البوم طيز	8.0
البوم عاري	8.0
البوم عاريه	8.0
البوم عاهرات	8.0
البوم قحبه	8.0
البوم كس	8.0
البوم متناكه	8.0
البوم محارم	8.0
البوم نياكه	8.0
البوم نيك	8.0
التعري	6.0
الدعاره	8.0
اير	4.0
ايره	6.0
بت مباشر جنسي	6.0
بث مباشر جنسي	8.0
بث مباشر قنسي	6.0
بدون ملابس	6.0
بز	4.0
بزاز	8.0
بزاز hd	8.0
بزاز اردني	8.0
بزاز اماراتي	8.0
بزاز اون لاين	8.0
بزاز بنات	8.0
بزاز تونسي	8.0
بزاز جديد	8.0
بزاز جزايري	8.0
بزاز حقيقي	8.0
بزاز خليجي	8.0
بزاز ساخن	8.0
بزاز ساخنه	8.0
بزاز سعودي	8.0
بزاز سوداني	8.0
بزاز سوري	8.0
بزاز عراقي	8.0
بزاز عربي	8.0
بزاز عربيه	8.0
بزاز فضيحه	8.0
بزاز فلسطيني	8.0
بزاز قطري	8.0
بزاز كامل	8.0
بزاز كويتي	8.0
بزاز لبناني	8.0
بزاز ليبي	8.0
بزاز مترجم	8.0
بزاز مجانا	8.0
بزاز مجاني	8.0
بزاز محارم	8.0
بزاز محجبات	8.0
بزاز مراهقات	8.0
بزاز مسرب	8.0
بزاز مصري	8.0
بزاز مصريه	8.0
بزاز مغربي	8.0
بزاز منقبات	8.0
بزاز نار	8.0
بزاز نساء	8.0
بزاز يمني	8.0
بزازها	8.0
بزها	8.0
بس مباشر جنسي	6.0
بغاء	6.0
بغي	4.0
بلا ملابس	6.0
بنات ليل	6.0
بورن	8.0
بورن hd	8.0
بورن اردني	8.0
بورن اماراتي	8.0
بورن اون لاين	8.0
بورن بنات	8.0
بورن تونسي	8.0
بورن جديد	8.0
بورن جزايري	8.0
بورن حقيقي	8.0
بورن خليجي	8.0
بورن ساخن	8.0
بورن ساخنه	8.0
بورن سعودي	8.0
بورن سوداني	8.0
بورن سوري	8.0
بورن عراقي	8.0
بورن عربي	8.0
بورن عربيه	8.0
بورن فضيحه	8.0
بورن فلسطيني	8.0
بورن قطري	8.0
بورن كامل	8.0
بورن كويتي	8.0
بورن لبناني	8.0
بورن ليبي	8.0
بورن مترجم	8.0
بورن مجانا	8.0
بورن مجاني	8.0
بورن محارم	8.0
بورن محجبات	8.0
بورن مراهقات	8.0
بورن مسرب	8.0
بورن مصري	8.0
بورن مصريه	8.0
بورن مغربي	8.0
بورن منقبات	8.0
بورن نار	8.0
بورن نساء	8.0
بورن يمني	8.0
بورنهاب	8.0
بورنو	8.0
بينيك	8.0
تبادل ازواج	6.0
تبادل ازواق	4.0
تحميل اباحي	8.0
تحميل اباحيه	8.0
تحميل استمناء	8.0
تحميل بزاز	8.0
تحميل بورن	8.0
تحميل تعري	8.0
تحميل خلاعه	8.0
تحميل دعاره	8.0
تحميل سكس	8.0
تحميل سكسي	8.0
تحميل شرجي	8.0
تحميل شرموطه	8.0
تحميل طيز	8.0
تحميل عاري	8.0
تحميل عاريه	8.0
تحميل عاهرات	8.0
تحميل قحبه	8.0
تحميل كس	8.0
تحميل متناكه	8.0
تحميل محارم	8.0
تحميل نياكه	8.0
تحميل نيك	8.0
تدليك جنسي	8.0
تدليك قنسي	6.0
تضاجع	6.0
تضاقع	4.0
تظاجع	4.0
تعري	6.0
تعري hd	8.0
تعري اردني	8.0
تعري اماراتي	8.0
تعري اون لاين	8.0
تعري بنات	8.0
تعري تونسي	8.0
تعري جديد	8.0
تعري جزايري	8.0
تعري حقيقي	8.0
تعري خليجي	8.0
تعري ساخن	8.0
تعري ساخنه	8.0
تعري سعودي	8.0
تعري سوداني	8.0
تعري سوري	8.0
تعري عراقي	8.0
تعري عربي	8.0
تعري عربيه	8.0
تعري فضيحه	8.0
تعري فلسطيني	8.0
تعري قطري	8.0
تعري كامل	8.0
تعري كويتي	8.0
تعري لبناني	8.0
تعري ليبي	8.0
تعري مترجم	8.0
تعري مجانا	8.0
تعري مجاني	8.0
تعري محارم	8.0
تعري محجبات	8.0
تعري مراهقات	8.0
تعري مسرب	8.0
تعري مصري	8.0
تعري مصريه	8.0
تعري مغربي	8.0
تعري منقبات	8.0
تعري نار	8.0
تعري نساء	8.0
تعري يمني	8.0
تغواده	2.0
تقواده	4.0
تكواده	2.0
تلحس	4.0
تمص	4.0
تنيك	8.0
جحش	2.0
جماعي	2.0
جنس جماعي	6.0
حشومه	2.0
حلماتها	6.0
حميمي	2.0
خرابيط	2.0
خرج	2.0
خرق	2.0
خلاعه	8.0
خلاعه hd	8.0
خلاعه اردني	8.0
خلاعه اماراتي	8.0
خلاعه اون لاين	8.0
خلاعه بنات	8.0
خلاعه تونسي	8.0
خلاعه جديد	8.0
خلاعه جزايري	8.0
خلاعه حقيقي	8.0
خلاعه خليجي	8.0
خلاعه ساخن	8.0
خلاعه ساخنه	8.0
خلاعه سعودي	8.0
خلاعه سوداني	8.0
خلاعه سوري	8.0
خلاعه عراقي	8.0
خلاعه عربي	8.0
خلاعه عربيه	8.0
خلاعه فضيحه	8.0
خلاعه فلسطيني	8.0
خلاعه قطري	8.0
خلاعه كامل	8.0
خلاعه كويتي	8.0
خلاعه لبناني	8.0
خلاعه ليبي	8.0
خلاعه مترجم	8.0
خلاعه مجانا	8.0
خلاعه مجاني	8.0
خلاعه محارم	8.0
خلاعه محجبات	8.0
خلاعه مراهقات	8.0
خلاعه مسرب	8.0
خلاعه مصري	8.0
خلاعه مصريه	8.0
خلاعه مغربي	8.0
خلاعه منقبات	8.0
خلاعه نار	8.0
خلاعه نساء	8.0
خلاعه يمني	8.0
خلاعي	8.0
خليع	6.0
خليعه	6.0
خول	6.0
خولات	6.0
دبه	2.0
دردشه جنسيه	8.0
دردشه قنسيه	6.0
دعاره	8.0
دعاره hd	8.0
دعاره اردني	8.0
دعاره اماراتي	8.0
دعاره اون لاين	8.0
دعاره بنات	8.0
دعاره تونسي	8.0
دعاره جديد	8.0
دعاره جزايري	8.0
دعاره حقيقي	8.0
دعاره خليجي	8.0
دعاره ساخن	8.0
دعاره ساخنه	8.0
دعاره سعودي	8.0
دعاره سوداني	8.0
دعاره سوري	8.0
دعاره عراقي	8.0
دعاره عربي	8.0
دعاره عربيه	8.0
دعاره فضيحه	8.0
دعاره فلسطيني	8.0
دعاره قطري	8.0
دعاره كامل	8.0
دعاره كويتي	8.0
دعاره لبناني	8.0
دعاره ليبي	8.0
دعاره مترجم	8.0
دعاره مجانا	8.0
دعاره مجاني	8.0
دعاره محارم	8.0
دعاره محجبات	8.0
دعاره مراهقات	8.0
دعاره مسرب	8.0
دعاره مصري	8.0
دعاره مصريه	8.0
دعاره مغربي	8.0
دعاره منقبات	8.0
دعاره نار	8.0
دعاره نساء	8.0
دعاره يمني	8.0
دلوعه	2.0
ديوت	4.0
ديوث	6.0
ديوس	4.0
روابط اباحي	8.0
روابط اباحيه	8.0
روابط استمناء	8.0
روابط بزاز	8.0
روابط بورن	8.0
روابط تعري	8.0
روابط خلاعه	8.0
روابط دعاره	8.0
روابط سكس	8.0
روابط سكسي	8.0
روابط شرجي	8.0
روابط شرموطه	8.0
روابط طيز	8.0
روابط عاري	8.0
روابط عاريه	8.0
روابط عاهرات	8.0
روابط قحبه	8.0
روابط كس	8.0
روابط متناكه	8.0
روابط محارم	8.0
روابط نياكه	8.0
روابط نيك	8.0
زامل	4.0
زانيه	6.0
زب	4.0
زبج	8.0
زبر	6.0
زبره	6.0
زبق	6.0
زبك	8.0
زبي	8.0
زبي ديالي	8.0
زوامل	4.0
زوغ	2.0
زوق	2.0
زوك	2.0
ساغطه	2.0
ساقطه	4.0
ساكطه	2.0
سحاغ	2.0
سحاغيات	4.0
سحاغيه	2.0
سحاق	4.0
سحاقيات	6.0
سحاقيه	4.0
سحاك	2.0
سحاكيات	4.0
سحاكيه	2.0
سكس	8.0
سكس hd	8.0
سكس اردني	8.0
سكس اماراتي	8.0
سكس اون لاين	8.0
سكس بنات	8.0
سكس تونسي	8.0
سكس جديد	8.0
سكس جزايري	8.0
سكس حقيقي	8.0
سكس خليجي	8.0
سكس ساخن	8.0
سكس ساخنه	8.0
سكس سعودي	8.0
سكس سوداني	8.0
سكس سوري	8.0
سكس عراقي	8.0
سكس عربي	8.0
سكس عربيه	8.0
سكس فضيحه	8.0
سكس فلسطيني	8.0
سكس قطري	8.0
سكس كامل	8.0
سكس كويتي	8.0
سكس لبناني	8.0
سكس ليبي	8.0
سكس مترجم	8.0
سكس مجانا	8.0
سكس مجاني	8.0
سكس محارم	8.0
سكس محجبات	8.0
سكس مراهقات	8.0
سكس مسرب	8.0
سكس مصري	8.0
سكس مصريه	8.0
سكس مغربي	8.0
سكس منقبات	8.0
سكس نار	8.0
سكس نساء	8.0
سكس يمني	8.0
سكساوي	8.0
سكسي	8.0
سكسي hd	8.0
سكسي اردني	8.0
سكسي اماراتي	8.0
سكسي اون لاين	8.0
سكسي بنات	8.0
سكسي تونسي	8.0
سكسي جديد	8.0
سكسي جزايري	8.0
سكسي حقيقي	8.0
سكسي خليجي	8.0
سكسي ساخن	8.0
سكسي ساخنه	8.0
سكسي سعودي	8.0
سكسي سوداني	8.0
سكسي سوري	8.0
سكسي عراقي	8.0
سكسي عربي	8.0
سكسي عربيه	8.0
سكسي فضيحه	8.0
سكسي فلسطيني	8.0
سكسي قطري	8.0
سكسي كامل	8.0
سكسي كويتي	8.0
سكسي لبناني	8.0
سكسي ليبي	8.0
سكسي مترجم	8.0
سكسي مجانا	8.0
سكسي مجاني	8.0
سكسي محارم	8.0
سكسي محجبات	8.0
سكسي مراهقات	8.0
سكسي مسرب	8.0
سكسي مصري	8.0
سكسي مصريه	8.0
سكسي مغربي	8.0
سكسي منقبات	8.0
سكسي نار	8.0
سكسي نساء	8.0
سكسي يمني	8.0
سكسيه	8.0
سلسله اباحي	8.0
سلسله اباحيه	8.0
سلسله استمناء	8.0
سلسله بزاز	8.0
سلسله بورن	8.0
سلسله تعري	8.0
سلسله خلاعه	8.0
سلسله دعاره	8.0
سلسله سكس	8.0
سلسله سكسي	8.0
سلسله شرجي	8.0
سلسله شرموطه	8.0
سلسله طيز	8.0
سلسله عاري	8.0
سلسله عاريه	8.0
سلسله عاهرات	8.0
سلسله قحبه	8.0
سلسله كس	8.0
سلسله متناكه	8.0
سلسله محارم	8.0
سلسله نياكه	8.0
سلسله نيك	8.0
سيكس	8.0
شاد	2.0
شاد جنسيا	4.0
شاذ	4.0
شاذ جنسيا	6.0
شاذ قنسيا	4.0
شاز	2.0
شاز جنسيا	4.0
شاهد اباحي	8.0
شاهد اباحيه	8.0
شاهد استمناء	8.0
شاهد بزاز	8.0
شاهد بورن	8.0
شاهد تعري	8.0
شاهد خلاعه	8.0
شاهد دعاره	8.0
شاهد سكس	8.0
شاهد سكسي	8.0
شاهد شرجي	8.0
شاهد شرموطه	8.0
شاهد طيز	8.0
شاهد عاري	8.0
شاهد عاريه	8.0
شاهد عاهرات	8.0
شاهد قحبه	8.0
شاهد كس	8.0
شاهد متناكه	8.0
شاهد محارم	8.0
شاهد نياكه	8.0
شاهد نيك	8.0
شبغ	4.0
شبغه	4.0
شبق	6.0
شبقه	6.0
شبك	4.0
شبكه	4.0
شبه عاريه	6.0
شحاطه	2.0
شدود	2.0
شذوذ	4.0
شراميت	8.0
شراميط	8.0
شرجي	4.0
شرجي hd	8.0
شرجي اردني	8.0
شرجي اماراتي	8.0
شرجي اون لاين	8.0
شرجي بنات	8.0
شرجي تونسي	8.0
شرجي جديد	8.0
شرجي جزايري	8.0
شرجي حقيقي	8.0
شرجي خليجي	8.0
شرجي ساخن	8.0
شرجي ساخنه	8.0
شرجي سعودي	8.0
شرجي سوداني	8.0
شرجي سوري	8.0
شرجي عراقي	8.0
شرجي عربي	8.0
شرجي عربيه	8.0
شرجي فضيحه	8.0
شرجي فلسطيني	8.0
شرجي قطري	8.0
شرجي كامل	8.0
شرجي كويتي	8.0
شرجي لبناني	8.0
شرجي ليبي	8.0
شرجي مترجم	8.0
شرجي مجانا	8.0
شرجي مجاني	8.0
شرجي محارم	8.0
شرجي محجبات	8.0
شرجي مراهقات	8.0
شرجي مسرب	8.0
شرجي مصري	8.0
شرجي مصريه	8.0
شرجي مغربي	8.0
شرجي منقبات	8.0
شرجي نار	8.0
شرجي نساء	8.0
شرجي يمني	8.0
شرقي	2.0
شرمطه	8.0
شرموط	8.0
شرموطه	8.0
شرموطه hd	8.0
شرموطه اردني	8.0
شرموطه اماراتي	8.0
شرموطه اون لاين	8.0
شرموطه بنات	8.0
شرموطه تونسي	8.0
شرموطه جديد	8.0
شرموطه جزايري	8.0
شرموطه حقيقي	8.0
شرموطه خليجي	8.0
شرموطه ساخن	8.0
شرموطه ساخنه	8.0
شرموطه سعودي	8.0
شرموطه سوداني	8.0
شرموطه سوري	8.0
شرموطه عراقي	8.0
شرموطه عربي	8.0
شرموطه عربيه	8.0
شرموطه فضيحه	8.0
شرموطه فلسطيني	8.0
شرموطه قطري	8.0
شرموطه كامل	8.0
شرموطه كويتي	8.0
شرموطه لبناني	8.0
شرموطه ليبي	8.0
شرموطه مترجم	8.0
شرموطه مجانا	8.0
شرموطه مجاني	8.0
شرموطه محارم	8.0
شرموطه محجبات	8.0
شرموطه مراهقات	8.0
شرموطه مسرب	8.0
شرموطه مصري	8.0
شرموطه مصريه	8.0
شرموطه مغربي	8.0
شرموطه منقبات	8.0
شرموطه نار	8.0
شرموطه نساء	8.0
شرموطه يمني	8.0
شرموله	2.0
شزوز	2.0
شفشفه	2.0
شمشون	2.0
شهواني	6.0
شهوانيه	6.0
شواد	2.0
شواذ	4.0
شواز	2.0
صدرها العاري	8.0
صور اباحي	8.0
صور اباحي اردني	8.0
صور اباحي اماراتي	8.0
صور اباحي تونسي	8.0
صور اباحي جزايري	8.0
صور اباحي خليجي	8.0
صور اباحي سعودي	8.0
صور اباحي سوري	8.0
صور اباحي عراقي	8.0
صور اباحي عربي	8.0
صور اباحي عربيه	8.0
صور اباحي فلسطيني	8.0
صور اباحي كويتي	8.0
صور اباحي لبناني	8.0
صور اباحي مصري	8.0
صور اباحي مصريه	8.0
صور اباحي مغربي	8.0
صور اباحيه	8.0
صور اباحيه اردني	8.0
صور اباحيه اماراتي	8.0
صور اباحيه تونسي	8.0
صور اباحيه جزايري	8.0
صور اباحيه خليجي	8.0
صور اباحيه سعودي	8.0
صور اباحيه سوري	8.0
صور اباحيه عراقي	8.0
صور اباحيه عربي	8.0
صور اباحيه عربيه	8.0
صور اباحيه فلسطيني	8.0
صور اباحيه كويتي	8.0
صور اباحيه لبناني	8.0
صور اباحيه مصري	8.0
صور اباحيه مصريه	8.0
صور اباحيه مغربي	8.0
صور استمناء	8.0
صور بزاز	8.0
صور بورن	8.0
صور بورن اردني	8.0
صور بورن اماراتي	8.0
صور بورن تونسي	8.0
صور بورن جزايري	8.0
صور بورن خليجي	8.0
صور بورن سعودي	8.0
صور بورن سوري	8.0
صور بورن عراقي	8.0
صور بورن عربي	8.0
صور بورن عربيه	8.0
صور بورن فلسطيني	8.0
صور بورن كويتي	8.0
صور بورن لبناني	8.0
صور بورن مصري	8.0
صور بورن مصريه	8.0
صور بورن مغربي	8.0
صور تعري	8.0
صور خلاعه	8.0
صور خلاعه اردني	8.0
صور خلاعه اماراتي	8.0
صور خلاعه تونسي	8.0
صور خلاعه جزايري	8.0
صور خلاعه خليجي	8.0
صور خلاعه سعودي	8.0
صور خلاعه سوري	8.0
صور خلاعه عراقي	8.0
صور خلاعه عربي	8.0
صور خلاعه عربيه	8.0
صور خلاعه فلسطيني	8.0
صور خلاعه كويتي	8.0
صور خلاعه لبناني	8.0
صور خلاعه مصري	8.0
صور خلاعه مصريه	8.0
صور خلاعه مغربي	8.0
صور دعاره	8.0
صور دعاره اردني	8.0
صور دعاره اماراتي	8.0
صور دعاره تونسي	8.0
صور دعاره جزايري	8.0
صور دعاره خليجي	8.0
صور دعاره سعودي	8.0
صور دعاره سوري	8.0
صور دعاره عراقي	8.0
صور دعاره عربي	8.0
صور دعاره عربيه	8.0
صور دعاره فلسطيني	8.0
صور دعاره كويتي	8.0
صور دعاره لبناني	8.0
صور دعاره مصري	8.0
صور دعاره مصريه	8.0
صور دعاره مغربي	8.0
صور سكس	8.0
صور سكس اردني	8.0
صور سكس اماراتي	8.0
صور سكس تونسي	8.0
صور سكس جزايري	8.0
صور سكس خليجي	8.0
صور سكس سعودي	8.0
صور سكس سوري	8.0
صور سكس عراقي	8.0
صور سكس عربي	8.0
صور سكس عربيه	8.0
صور سكس فلسطيني	8.0
صور سكس كويتي	8.0
صور سكس لبناني	8.0
صور سكس مصري	8.0
صور سكس مصريه	8.0
صور سكس مغربي	8.0
صور سكسي	8.0
صور شرجي	8.0
صور شرموطه	8.0
صور شرموطه اردني	8.0
صور شرموطه اماراتي	8.0
صور شرموطه تونسي	8.0
صور شرموطه جزايري	8.0
صور شرموطه خليجي	8.0
صور شرموطه سعودي	8.0
صور شرموطه سوري	8.0
صور شرموطه عراقي	8.0
صور شرموطه عربي	8.0
صور شرموطه عربيه	8.0
صور شرموطه فلسطيني	8.0
صور شرموطه كويتي	8.0
صور شرموطه لبناني	8.0
صور شرموطه مصري	8.0
صور شرموطه مصريه	8.0
صور شرموطه مغربي	8.0
صور طيز	8.0
صور عاري	8.0
صور عاري اردني	8.0
صور عاري اماراتي	8.0
صور عاري تونسي	8.0
صور عاري جزايري	8.0
صور عاري خليجي	8.0
صور عاري سعودي	8.0
صور عاري سوري	8.0
صور عاري عراقي	8.0
صور عاري عربي	8.0
صور عاري عربيه	8.0
صور عاري فلسطيني	8.0
صور عاري كويتي	8.0
صور عاري لبناني	8.0
صور عاري مصري	8.0
صور عاري مصريه	8.0
صور عاري مغربي	8.0
صور عاريه	8.0
صور عاريه اردني	8.0
صور عاريه اماراتي	8.0
صور عاريه تونسي	8.0
صور عاريه جزايري	8.0
صور عاريه خليجي	8.0
صور عاريه سعودي	8.0
صور عاريه سوري	8.0
صور عاريه عراقي	8.0
صور عاريه عربي	8.0
صور عاريه عربيه	8.0
صور عاريه فلسطيني	8.0
صور عاريه كويتي	8.0
صور عاريه لبناني	8.0
صور عاريه مصري	8.0
صور عاريه مصريه	8.0
صور عاريه مغربي	8.0
صور عاهرات	8.0
صور قحبه	8.0
صور قحبه اردني	8.0
صور قحبه اماراتي	8.0
صور قحبه تونسي	8.0
صور قحبه جزايري	8.0
صور قحبه خليجي	8.0
صور قحبه سعودي	8.0
صور قحبه سوري	8.0
صور قحبه عراقي	8.0
صور قحبه عربي	8.0
صور قحبه عربيه	8.0
صور قحبه فلسطيني	8.0
صور قحبه كويتي	8.0
صور قحبه لبناني	8.0
صور قحبه مصري	8.0
صور قحبه مصريه	8.0
صور قحبه مغربي	8.0
صور كس	8.0
صور متناكه	8.0
صور محارم	8.0
صور محارم اردني	8.0
صور محارم اماراتي	8.0
صور محارم تونسي	8.0
صور محارم جزايري	8.0
صور محارم خليجي	8.0
صور محارم سعودي	8.0
صور محارم سوري	8.0
صور محارم عراقي	8.0
صور محارم عربي	8.0
صور محارم عربيه	8.0
صور محارم فلسطيني	8.0
صور محارم كويتي	8.0
صور محارم لبناني	8.0
صور محارم مصري	8.0
صور محارم مصريه	8.0
صور محارم مغربي	8.0
صور نياكه	8.0
صور نيك	8.0
صور نيك اردني	8.0
صور نيك اماراتي	8.0
صور نيك تونسي	8.0
صور نيك جزايري	8.0
صور نيك خليجي	8.0
صور نيك سعودي	8.0
صور نيك سوري	8.0
صور نيك عراقي	8.0
صور نيك عربي	8.0
صور نيك عربيه	8.0
صور نيك فلسطيني	8.0
صور نيك كويتي	8.0
صور نيك لبناني	8.0
صور نيك مصري	8.0
صور نيك مصريه	8.0
صور نيك مغربي	8.0
صوره اباحي	8.0
صوره اباحي اردني	8.0
صوره اباحي اماراتي	8.0
صوره اباحي تونسي	8.0
صوره اباحي جزايري	8.0
صوره اباحي خليجي	8.0
صوره اباحي سعودي	8.0
صوره اباحي سوري	8.0
صوره اباحي عراقي	8.0
صوره اباحي عربي	8.0
صوره اباحي عربيه	8.0
صوره اباحي فلسطيني	8.0
صوره اباحي كويتي	8.0
صوره اباحي لبناني	8.0
صوره اباحي مصري	8.0
صوره اباحي مصريه	8.0
صوره اباحي مغربي	8.0
صوره اباحيه	8.0
صوره اباحيه اردني	8.0
صوره اباحيه اماراتي	8.0
صوره اباحيه تونسي	8.0
صوره اباحيه جزايري	8.0
صوره اباحيه خليجي	8.0
صوره اباحيه سعودي	8.0
صوره اباحيه سوري	8.0
صوره اباحيه عراقي	8.0
صوره اباحيه عربي	8.0
صوره اباحيه عربيه	8.0
صوره اباحيه فلسطيني	8.0
صوره اباحيه كويتي	8.0
صوره اباحيه لبناني	8.0
صوره اباحيه مصري	8.0
صوره اباحيه مصريه	8.0
صوره اباحيه مغربي	8.0
صوره استمناء	8.0
صوره بزاز	8.0
صوره بورن	8.0
صوره بورن اردني	8.0
صوره بورن اماراتي	8.0
صوره بورن تونسي	8.0
صوره بورن جزايري	8.0
صوره بورن خليجي	8.0
صوره بورن سعودي	8.0
صوره بورن سوري	8.0
صوره بورن عراقي	8.0
صوره بورن عربي	8.0
صوره بورن عربيه	8.0
صوره بورن فلسطيني	8.0
صوره بورن كويتي	8.0
صوره بورن لبناني	8.0
صوره بورن مصري	8.0
صوره بورن مصريه	8.0
صوره بورن مغربي	8.0
صوره تعري	8.0
صوره خلاعه	8.0
صوره خلاعه اردني	8.0
صوره خلاعه اماراتي	8.0
صوره خلاعه تونسي	8.0
صوره خلاعه جزايري	8.0
صوره خلاعه خليجي	8.0
صوره خلاعه سعودي	8.0
صوره خلاعه سوري	8.0
صوره خلاعه عراقي	8.0
صوره خلاعه عربي	8.0
صوره خلاعه عربيه	8.0
صوره خلاعه فلسطيني	8.0
صوره خلاعه كويتي	8.0
صوره خلاعه لبناني	8.0
صوره خلاعه مصري	8.0
صوره خلاعه مصريه	8.0
صوره خلاعه مغربي	8.0
صوره دعاره	8.0
صوره دعاره اردني	8.0
صوره دعاره اماراتي	8.0
صوره دعاره تونسي	8.0
صوره دعاره جزايري	8.0
صوره دعاره خليجي	8.0
صوره دعاره سعودي	8.0
صوره دعاره سوري	8.0
صوره دعاره عراقي	8.0
صوره دعاره عربي	8.0
صوره دعاره عربيه	8.0
صوره دعاره فلسطيني	8.0
صوره دعاره كويتي	8.0
صوره دعاره لبناني	8.0
صوره دعاره مصري	8.0
صوره دعاره مصريه	8.0
صوره دعاره مغربي	8.0
صوره سكس	8.0
صوره سكس اردني	8.0
صوره سكس اماراتي	8.0
صوره سكس تونسي	8.0
صوره سكس جزايري	8.0
صوره سكس خليجي	8.0
صوره سكس سعودي	8.0
صوره سكس سوري	8.0
صوره سكس عراقي	8.0
صوره سكس عربي	8.0
صوره سكس عربيه	8.0
صوره سكس فلسطيني	8.0
صوره سكس كويتي	8.0
صوره سكس لبناني	8.0
صوره سكس مصري	8.0
صوره سكس مصريه	8.0
صوره سكس مغربي	8.0
صوره سكسي	8.0
صوره شرجي	8.0
صوره شرموطه	8.0
صوره شرموطه اردني	8.0
صوره شرموطه اماراتي	8.0
صوره شرموطه تونسي	8.0
صوره شرموطه جزايري	8.0
صوره شرموطه خليجي	8.0
صوره شرموطه سعودي	8.0
صوره شرموطه سوري	8.0
صوره شرموطه عراقي	8.0
صوره شرموطه عربي	8.0
صوره شرموطه عربيه	8.0
صوره شرموطه فلسطيني	8.0
صوره شرموطه كويتي	8.0
صوره شرموطه لبناني	8.0
صوره شرموطه مصري	8.0
صوره شرموطه مصريه	8.0
صوره شرموطه مغربي	8.0
صوره طيز	8.0
صوره عاري	8.0
صوره عاري اردني	8.0
صوره عاري اماراتي	8.0
صوره عاري تونسي	8.0
صوره عاري جزايري	8.0
صوره عاري خليجي	8.0
صوره عاري سعودي	8.0
صوره عاري سوري	8.0
صوره عاري عراقي	8.0
صوره عاري عربي	8.0
صوره عاري عربيه	8.0
صوره عاري فلسطيني	8.0
صوره عاري كويتي	8.0
صوره عاري لبناني	8.0
صوره عاري مصري	8.0
صوره عاري مصريه	8.0
صوره عاري مغربي	8.0
صوره عاريه	8.0
صوره عاريه اردني	8.0
صوره عاريه اماراتي	8.0
صوره عاريه تونسي	8.0
صوره عاريه جزايري	8.0
صوره عاريه خليجي	8.0
صوره عاريه سعودي	8.0
صوره عاريه سوري	8.0
صوره عاريه عراقي	8.0
صوره عاريه عربي	8.0
صوره عاريه عربيه	8.0
صوره عاريه فلسطيني	8.0
صوره عاريه كويتي	8.0
صوره عاريه لبناني	8.0
صوره عاريه مصري	8.0
صوره عاريه مصريه	8.0
صوره عاريه مغربي	8.0
صوره عاهرات	8.0
صوره قحبه	8.0
صوره قحبه اردني	8.0
صوره قحبه اماراتي	8.0
صوره قحبه تونسي	8.0
صوره قحبه جزايري	8.0
صوره قحبه خليجي	8.0
صوره قحبه سعودي	8.0
صوره قحبه سوري	8.0
صوره قحبه عراقي	8.0
صوره قحبه عربي	8.0
صوره قحبه عربيه	8.0
صوره قحبه فلسطيني	8.0
صوره قحبه كويتي	8.0
صوره قحبه لبناني	8.0
صوره قحبه مصري	8.0
صوره قحبه مصريه	8.0
صوره قحبه مغربي	8.0
صوره كس	8.0
صوره متناكه	8.0
صوره محارم	8.0
صوره محارم اردني	8.0
صوره محارم اماراتي	8.0
صوره محارم تونسي	8.0
صوره محارم جزايري	8.0
صوره محارم خليجي	8.0
صوره محارم سعودي	8.0
صوره محارم سوري	8.0
صوره محارم عراقي	8.0
صوره محارم عربي	8.0
صوره محارم عربيه	8.0
صوره محارم فلسطيني	8.0
صوره محارم كويتي	8.0
صوره محارم لبناني	8.0
صوره محارم مصري	8.0
صوره محارم مصريه	8.0
صوره محارم مغربي	8.0
صوره نياكه	8.0
صوره نيك	8.0
صوره نيك اردني	8.0
صوره نيك اماراتي	8.0
صوره نيك تونسي	8.0
صوره نيك جزايري	8.0
صوره نيك خليجي	8.0
صوره نيك سعودي	8.0
صوره نيك سوري	8.0
صوره نيك عراقي	8.0
صوره نيك عربي	8.0
صوره نيك عربيه	8.0
صوره نيك فلسطيني	8.0
صوره نيك كويتي	8.0
صوره نيك لبناني	8.0
صوره نيك مصري	8.0
صوره نيك مصريه	8.0
صوره نيك مغربي	8.0
طابون	8.0
طبون	8.0
طغاغ	2.0
طقاق	2.0
طكاك	2.0
طياز	8.0
طيز	8.0
طيز hd	8.0
طيز اردني	8.0
طيز اماراتي	8.0
طيز اون لاين	8.0
طيز بنات	8.0
طيز تونسي	8.0
طيز جديد	8.0
طيز جزايري	8.0
طيز حقيقي	8.0
طيز خليجي	8.0
طيز ساخن	8.0
طيز ساخنه	8.0
طيز سعودي	8.0
طيز سوداني	8.0
طيز سوري	8.0
طيز عراقي	8.0
طيز عربي	8.0
طيز عربيه	8.0
طيز فضيحه	8.0
طيز فلسطيني	8.0
طيز قطري	8.0
طيز كامل	8.0
طيز كويتي	8.0
طيز لبناني	8.0
طيز ليبي	8.0
طيز مترجم	8.0
طيز مجانا	8.0
طيز مجاني	8.0
طيز محارم	8.0
طيز محجبات	8.0
طيز مراهقات	8.0
طيز مسرب	8.0
طيز مصري	8.0
طيز مصريه	8.0
طيز مغربي	8.0
طيز منقبات	8.0
طيز نار	8.0
طيز نساء	8.0
طيز يمني	8.0
طيزج	8.0
طيزق	6.0
طيزك	8.0
طيزها	8.0
عاده سريه	6.0
عاري	6.0
عاري hd	8.0
عاري اردني	8.0
عاري اماراتي	8.0
عاري اون لاين	8.0
عاري بنات	8.0
عاري تونسي	8.0
عاري جديد	8.0
عاري جزايري	8.0
عاري حقيقي	8.0
عاري خليجي	8.0
عاري ساخن	8.0
عاري ساخنه	8.0
عاري سعودي	8.0
عاري سوداني	8.0
عاري سوري	8.0
عاري عراقي	8.0
عاري عربي	8.0
عاري عربيه	8.0
عاري فضيحه	8.0
عاري فلسطيني	8.0
عاري قطري	8.0
عاري كامل	8.0
عاري كويتي	8.0
عاري لبناني	8.0
عاري ليبي	8.0
عاري مترجم	8.0
عاري مجانا	8.0
عاري مجاني	8.0
عاري محارم	8.0
عاري محجبات	8.0
عاري مراهقات	8.0
عاري مسرب	8.0
عاري مصري	8.0
عاري مصريه	8.0
عاري مغربي	8.0
عاري منقبات	8.0
عاري نار	8.0
عاري نساء	8.0
عاري يمني	8.0
عاريات	8.0
عاريه	6.0
عاريه hd	8.0
عاريه اردني	8.0
عاريه اماراتي	8.0
عاريه اون لاين	8.0
عاريه بنات	8.0
عاريه تونسي	8.0
عاريه جديد	8.0
عاريه جزايري	8.0
عاريه حقيقي	8.0
عاريه خليجي	8.0
عاريه ساخن	8.0
عاريه ساخنه	8.0
عاريه سعودي	8.0
عاريه سوداني	8.0
عاريه سوري	8.0
عاريه عراقي	8.0
عاريه عربي	8.0
عاريه عربيه	8.0
عاريه فضيحه	8.0
عاريه فلسطيني	8.0
عاريه قطري	8.0
عاريه كامل	8.0
عاريه كويتي	8.0
عاريه لبناني	8.0
عاريه ليبي	8.0
عاريه مترجم	8.0
عاريه مجانا	8.0
عاريه مجاني	8.0
عاريه محارم	8.0
عاريه محجبات	8.0
عاريه مراهقات	8.0
عاريه مسرب	8.0
عاريه مصري	8.0
عاريه مصريه	8.0
عاريه مغربي	8.0
عاريه منقبات	8.0
عاريه نار	8.0
عاريه نساء	8.0
عاريه يمني	8.0
عاهرات	8.0
عاهرات hd	8.0
عاهرات اردني	8.0
عاهرات اماراتي	8.0
عاهرات اون لاين	8.0
عاهرات بنات	8.0
عاهرات تونسي	8.0
عاهرات جديد	8.0
عاهرات جزايري	8.0
عاهرات حقيقي	8.0
عاهرات خليجي	8.0
عاهرات ساخن	8.0
عاهرات ساخنه	8.0
عاهرات سعودي	8.0
عاهرات سوداني	8.0
عاهرات سوري	8.0
عاهرات عراقي	8.0
عاهرات عربي	8.0
عاهرات عربيه	8.0
عاهرات فضيحه	8.0
عاهرات فلسطيني	8.0
عاهرات قطري	8.0
عاهرات كامل	8.0
عاهرات كويتي	8.0
عاهرات لبناني	8.0
عاهرات ليبي	8.0
عاهرات مترجم	8.0
عاهرات مجانا	8.0
عاهرات مجاني	8.0
عاهرات محارم	8.0
عاهرات محجبات	8.0
عاهرات مراهقات	8.0
عاهرات مسرب	8.0
عاهرات مصري	8.0
عاهرات مصريه	8.0
عاهرات مغربي	8.0
عاهرات منقبات	8.0
عاهرات نار	8.0
عاهرات نساء	8.0
عاهرات يمني	8.0
عاهره	8.0
عدراء	2.0
عذراء	2.0
عرص	6.0
عرض اباحي	8.0
عرض اباحيه	8.0
عرض استمناء	8.0
عرض بزاز	8.0
عرض بورن	8.0
عرض تعري	8.0
عرض خلاعه	8.0
عرض دعاره	8.0
عرض سكس	8.0
عرض سكسي	8.0
عرض شرجي	8.0
عرض شرموطه	8.0
عرض طيز	8.0
عرض عاري	8.0
عرض عاريه	8.0
عرض عاهرات	8.0
عرض قحبه	8.0
عرض كس	8.0
عرض متناكه	8.0
عرض محارم	8.0
عرض نياكه	8.0
عرض نيك	8.0
عريان	6.0
عريانات	8.0
عريانه	6.0
عزراء	2.0
عكروت	4.0
علاغه حميمه	2.0
علاقه حميمه	4.0
علاكه حميمه	2.0
عهر	6.0
عير	4.0
عيري	6.0
غحاب	6.0
غحبات	6.0
غحبان	6.0
غحبه	6.0
غحبه مغربيه	6.0
غذف	2.0
غصص محارم	6.0
غواد	2.0
فاجره	4.0
فاحشه	4.0
فاضح	6.0
فاضحه	6.0
فاظح	4.0
فاظحه	4.0
فاقره	2.0
فضيحه جنسيه	6.0
فضيحه قنسيه	4.0
فظيحه جنسيه	4.0
فموي	4.0
فواحش	4.0
فيديو اباحي	8.0
فيديو اباحي اردني	8.0
فيديو اباحي اماراتي	8.0
فيديو اباحي تونسي	8.0
فيديو اباحي جزايري	8.0
فيديو اباحي خليجي	8.0
فيديو اباحي سعودي	8.0
فيديو اباحي سوري	8.0
فيديو اباحي عراقي	8.0
فيديو اباحي عربي	8.0
فيديو اباحي عربيه	8.0
فيديو اباحي فلسطيني	8.0
فيديو اباحي كويتي	8.0
فيديو اباحي لبناني	8.0
فيديو اباحي مصري	8.0
فيديو اباحي مصريه	8.0
فيديو اباحي مغربي	8.0
فيديو اباحيه	8.0
فيديو اباحيه اردني	8.0
فيديو اباحيه اماراتي	8.0
فيديو اباحيه تونسي	8.0
فيديو اباحيه جزايري	8.0
فيديو اباحيه خليجي	8.0
فيديو اباحيه سعودي	8.0
فيديو اباحيه سوري	8.0
فيديو اباحيه عراقي	8.0
فيديو اباحيه عربي	8.0
فيديو اباحيه عربيه	8.0
فيديو اباحيه فلسطيني	8.0
فيديو اباحيه كويتي	8.0
فيديو اباحيه لبناني	8.0
فيديو اباحيه مصري	8.0
فيديو اباحيه مصريه	8.0
فيديو اباحيه مغربي	8.0
فيديو استمناء	8.0
فيديو بزاز	8.0
فيديو بورن	8.0
فيديو بورن اردني	8.0
فيديو بورن اماراتي	8.0
فيديو بورن تونسي	8.0
فيديو بورن جزايري	8.0
فيديو بورن خليجي	8.0
فيديو بورن سعودي	8.0
فيديو بورن سوري	8.0
فيديو بورن عراقي	8.0
فيديو بورن عربي	8.0
فيديو بورن عربيه	8.0
فيديو بورن فلسطيني	8.0
فيديو بورن كويتي	8.0
فيديو بورن لبناني	8.0
فيديو بورن مصري	8.0
فيديو بورن مصريه	8.0
فيديو بورن مغربي	8.0
فيديو تعري	8.0
فيديو خلاعه	8.0
فيديو خلاعه اردني	8.0
فيديو خلاعه اماراتي	8.0
فيديو خلاعه تونسي	8.0
فيديو خلاعه جزايري	8.0
فيديو خلاعه خليجي	8.0
فيديو خلاعه سعودي	8.0
فيديو خلاعه سوري	8.0
فيديو خلاعه عراقي	8.0
فيديو خلاعه عربي	8.0
فيديو خلاعه عربيه	8.0
فيديو خلاعه فلسطيني	8.0
فيديو خلاعه كويتي	8.0
فيديو خلاعه لبناني	8.0
فيديو خلاعه مصري	8.0
فيديو خلاعه مصريه	8.0
فيديو خلاعه مغربي	8.0
فيديو دعاره	8.0
فيديو دعاره اردني	8.0
فيديو دعاره اماراتي	8.0
فيديو دعاره تونسي	8.0
فيديو دعاره جزايري	8.0
فيديو دعاره خليجي	8.0
فيديو دعاره سعودي	8.0
فيديو دعاره سوري	8.0
فيديو دعاره عراقي	8.0
فيديو دعاره عربي	8.0
فيديو دعاره عربيه	8.0
فيديو دعاره فلسطيني	8.0
فيديو دعاره كويتي	8.0
فيديو دعاره لبناني	8.0
فيديو دعاره مصري	8.0
فيديو دعاره مصريه	8.0
فيديو دعاره مغربي	8.0
فيديو سكس	8.0
فيديو سكس اردني	8.0
فيديو سكس اماراتي	8.0
فيديو سكس تونسي	8.0
فيديو سكس جزايري	8.0
فيديو سكس خليجي	8.0
فيديو سكس سعودي	8.0
فيديو سكس سوري	8.0
فيديو سكس عراقي	8.0
فيديو سكس عربي	8.0
فيديو سكس عربيه	8.0
فيديو سكس فلسطيني	8.0
فيديو سكس كويتي	8.0
فيديو سكس لبناني	8.0
فيديو سكس مصري	8.0
فيديو سكس مصريه	8.0
فيديو سكس مغربي	8.0
فيديو سكسي	8.0
فيديو شرجي	8.0
فيديو شرموطه	8.0
فيديو شرموطه اردني	8.0
فيديو شرموطه اماراتي	8.0
فيديو شرموطه تونسي	8.0
فيديو شرموطه جزايري	8.0
فيديو شرموطه خليجي	8.0
فيديو شرموطه سعودي	8.0
فيديو شرموطه سوري	8.0
فيديو شرموطه عراقي	8.0
فيديو شرموطه عربي	8.0
فيديو شرموطه عربيه	8.0
فيديو شرموطه فلسطيني	8.0
فيديو شرموطه كويتي	8.0
فيديو شرموطه لبناني	8.0
فيديو شرموطه مصري	8.0
فيديو شرموطه مصريه	8.0
فيديو شرموطه مغربي	8.0
فيديو طيز	8.0
فيديو عاري	8.0
فيديو عاري اردني	8.0
فيديو عاري اماراتي	8.0
فيديو عاري تونسي	8.0
فيديو عاري جزايري	8.0
فيديو عاري خليجي	8.0
فيديو عاري سعودي	8.0
فيديو عاري سوري	8.0
فيديو عاري عراقي	8.0
فيديو عاري عربي	8.0
فيديو عاري عربيه	8.0
فيديو عاري فلسطيني	8.0
فيديو عاري كويتي	8.0
فيديو عاري لبناني	8.0
فيديو عاري مصري	8.0
فيديو عاري مصريه	8.0
فيديو عاري مغربي	8.0
فيديو عاريه	8.0
فيديو عاريه اردني	8.0
فيديو عاريه اماراتي	8.0
فيديو عاريه تونسي	8.0
فيديو عاريه جزايري	8.0
فيديو عاريه خليجي	8.0
فيديو عاريه سعودي	8.0
فيديو عاريه سوري	8.0
فيديو عاريه عراقي	8.0
فيديو عاريه عربي	8.0
فيديو عاريه عربيه	8.0
فيديو عاريه فلسطيني	8.0
فيديو عاريه كويتي	8.0
فيديو عاريه لبناني	8.0
فيديو عاريه مصري	8.0
فيديو عاريه مصريه	8.0
فيديو عاريه مغربي	8.0
فيديو عاهرات	8.0
فيديو قحبه	8.0
فيديو قحبه اردني	8.0
فيديو قحبه اماراتي	8.0
فيديو قحبه تونسي	8.0
فيديو قحبه جزايري	8.0
فيديو قحبه خليجي	8.0
فيديو قحبه سعودي	8.0
فيديو قحبه سوري	8.0
فيديو قحبه عراقي	8.0
فيديو قحبه عربي	8.0
فيديو قحبه عربيه	8.0
فيديو قحبه فلسطيني	8.0
فيديو قحبه كويتي	8.0
فيديو قحبه لبناني	8.0
فيديو قحبه مصري	8.0
فيديو قحبه مصريه	8.0
فيديو قحبه مغربي	8.0
فيديو كس	8.0
فيديو متناكه	8.0
فيديو محارم	8.0
فيديو محارم اردني	8.0
فيديو محارم اماراتي	8.0
فيديو محارم تونسي	8.0
فيديو محارم جزايري	8.0
فيديو محارم خليجي	8.0
فيديو محارم سعودي	8.0
فيديو محارم سوري	8.0
فيديو محارم عراقي	8.0
فيديو محارم عربي	8.0
فيديو محارم عربيه	8.0
فيديو محارم فلسطيني	8.0
فيديو محارم كويتي	8.0
فيديو محارم لبناني	8.0
فيديو محارم مصري	8.0
فيديو محارم مصريه	8.0
فيديو محارم مغربي	8.0
فيديو نياكه	8.0
فيديو نيك	8.0
فيديو نيك اردني	8.0
فيديو نيك اماراتي	8.0
فيديو نيك تونسي	8.0
فيديو نيك جزايري	8.0
فيديو نيك خليجي	8.0
فيديو نيك سعودي	8.0
فيديو نيك سوري	8.0
فيديو نيك عراقي	8.0
فيديو نيك عربي	8.0
فيديو نيك عربيه	8.0
فيديو نيك فلسطيني	8.0
فيديو نيك كويتي	8.0
فيديو نيك لبناني	8.0
فيديو نيك مصري	8.0
فيديو نيك مصريه	8.0
فيديو نيك مغربي	8.0
فيديوهات اباحي	8.0
فيديوهات اباحي اردني	8.0
فيديوهات اباحي اماراتي	8.0
فيديوهات اباحي تونسي	8.0
فيديوهات اباحي جزايري	8.0
فيديوهات اباحي خليجي	8.0
فيديوهات اباحي سعودي	8.0
فيديوهات اباحي سوري	8.0
فيديوهات اباحي عراقي	8.0
فيديوهات اباحي عربي	8.0
فيديوهات اباحي عربيه	8.0
فيديوهات اباحي فلسطيني	8.0
فيديوهات اباحي كويتي	8.0
فيديوهات اباحي لبناني	8.0
فيديوهات اباحي مصري	8.0
فيديوهات اباحي مصريه	8.0
فيديوهات اباحي مغربي	8.0
فيديوهات اباحيه	8.0
فيديوهات اباحيه اردني	8.0
فيديوهات اباحيه اماراتي	8.0
فيديوهات اباحيه تونسي	8.0
فيديوهات اباحيه جزايري	8.0
فيديوهات اباحيه خليجي	8.0
فيديوهات اباحيه سعودي	8.0
فيديوهات اباحيه سوري	8.0
فيديوهات اباحيه عراقي	8.0
فيديوهات اباحيه عربي	8.0
فيديوهات اباحيه عربيه	8.0
فيديوهات اباحيه فلسطيني	8.0
فيديوهات اباحيه كويتي	8.0
فيديوهات اباحيه لبناني	8.0
فيديوهات اباحيه مصري	8.0
فيديوهات اباحيه مصريه	8.0
فيديوهات اباحيه مغربي	8.0
فيديوهات استمناء	8.0
فيديوهات بزاز	8.0
فيديوهات بورن	8.0
فيديوهات بورن اردني	8.0
فيديوهات بورن اماراتي	8.0
فيديوهات بورن تونسي	8.0
فيديوهات بورن جزايري	8.0
فيديوهات بورن خليجي	8.0
فيديوهات بورن سعودي	8.0
فيديوهات بورن سوري	8.0
فيديوهات بورن عراقي	8.0
فيديوهات بورن عربي	8.0
فيديوهات بورن عربيه	8.0
فيديوهات بورن فلسطيني	8.0
فيديوهات بورن كويتي	8.0
فيديوهات بورن لبناني	8.0
فيديوهات بورن مصري	8.0
فيديوهات بورن مصريه	8.0
فيديوهات بورن مغربي	8.0
فيديوهات تعري	8.0
فيديوهات خلاعه	8.0
فيديوهات خلاعه اردني	8.0
فيديوهات خلاعه اماراتي	8.0
فيديوهات خلاعه تونسي	8.0
فيديوهات خلاعه جزايري	8.0
فيديوهات خلاعه خليجي	8.0
فيديوهات خلاعه سعودي	8.0
فيديوهات خلاعه سوري	8.0
فيديوهات خلاعه عراقي	8.0
فيديوهات خلاعه عربي	8.0
فيديوهات خلاعه عربيه	8.0
فيديوهات خلاعه فلسطيني	8.0
فيديوهات خلاعه كويتي	8.0
فيديوهات خلاعه لبناني	8.0
فيديوهات خلاعه مصري	8.0
فيديوهات خلاعه مصريه	8.0
فيديوهات خلاعه مغربي	8.0
فيديوهات دعاره	8.0
فيديوهات دعاره اردني	8.0
فيديوهات دعاره اماراتي	8.0
فيديوهات دعاره تونسي	8.0
فيديوهات دعاره جزايري	8.0
فيديوهات دعاره خليجي	8.0
فيديوهات دعاره سعودي	8.0
فيديوهات دعاره سوري	8.0
فيديوهات دعاره عراقي	8.0
فيديوهات دعاره عربي	8.0
فيديوهات دعاره عربيه	8.0
فيديوهات دعاره فلسطيني	8.0
فيديوهات دعاره كويتي	8.0
فيديوهات دعاره لبناني	8.0
فيديوهات دعاره مصري	8.0
فيديوهات دعاره مصريه	8.0
فيديوهات دعاره مغربي	8.0
فيديوهات سكس	8.0
فيديوهات سكس اردني	8.0
فيديوهات سكس اماراتي	8.0
فيديوهات سكس تونسي	8.0
فيديوهات سكس جزايري	8.0
فيديوهات سكس خليجي	8.0
فيديوهات سكس سعودي	8.0
فيديوهات سكس سوري	8.0
فيديوهات سكس عراقي	8.0
فيديوهات سكس عربي	8.0
فيديوهات سكس عربيه	8.0
فيديوهات سكس فلسطيني	8.0
فيديوهات سكس كويتي	8.0
فيديوهات سكس لبناني	8.0
فيديوهات سكس مصري	8.0
فيديوهات سكس مصريه	8.0
فيديوهات سكس مغربي	8.0
فيديوهات سكسي	8.0
فيديوهات شرجي	8.0
فيديوهات شرموطه	8.0
فيديوهات شرموطه اردني	8.0
فيديوهات شرموطه اماراتي	8.0
فيديوهات شرموطه تونسي	8.0
فيديوهات شرموطه جزايري	8.0
فيديوهات شرموطه خليجي	8.0
فيديوهات شرموطه سعودي	8.0
فيديوهات شرموطه سوري	8.0
فيديوهات شرموطه عراقي	8.0
فيديوهات شرموطه عربي	8.0
فيديوهات شرموطه عربيه	8.0
فيديوهات شرموطه فلسطيني	8.0
فيديوهات شرموطه كويتي	8.0
فيديوهات شرموطه لبناني	8.0
فيديوهات شرموطه مصري	8.0
فيديوهات شرموطه مصريه	8.0
فيديوهات شرموطه مغربي	8.0
فيديوهات طيز	8.0
فيديوهات عاري	8.0
فيديوهات عاري اردني	8.0
فيديوهات عاري اماراتي	8.0
فيديوهات عاري تونسي	8.0
فيديوهات عاري جزايري	8.0
فيديوهات عاري خليجي	8.0
فيديوهات عاري سعودي	8.0
فيديوهات عاري سوري	8.0
فيديوهات عاري عراقي	8.0
فيديوهات عاري عربي	8.0
فيديوهات عاري عربيه	8.0
فيديوهات عاري فلسطيني	8.0
فيديوهات عاري كويتي	8.0
فيديوهات عاري لبناني	8.0
فيديوهات عاري مصري	8.0
فيديوهات عاري مصريه	8.0
فيديوهات عاري مغربي	8.0
فيديوهات عاريه	8.0
فيديوهات عاريه اردني	8.0
فيديوهات عاريه اماراتي	8.0
فيديوهات عاريه تونسي	8.0
فيديوهات عاريه جزايري	8.0
فيديوهات عاريه خليجي	8.0
فيديوهات عاريه سعودي	8.0
فيديوهات عاريه سوري	8.0
فيديوهات عاريه عراقي	8.0
فيديوهات عاريه عربي	8.0
فيديوهات عاريه عربيه	8.0
فيديوهات عاريه فلسطيني	8.0
فيديوهات عاريه كويتي	8.0
فيديوهات عاريه لبناني	8.0
فيديوهات عاريه مصري	8.0
فيديوهات عاريه مصريه	8.0
فيديوهات عاريه مغربي	8.0
فيديوهات عاهرات	8.0
فيديوهات قحبه	8.0
فيديوهات قحبه اردني	8.0
فيديوهات قحبه اماراتي	8.0
فيديوهات قحبه تونسي	8.0
فيديوهات قحبه جزايري	8.0
فيديوهات قحبه خليجي	8.0
فيديوهات قحبه سعودي	8.0
فيديوهات قحبه سوري	8.0
فيديوهات قحبه عراقي	8.0
فيديوهات قحبه عربي	8.0
فيديوهات قحبه عربيه	8.0
فيديوهات قحبه فلسطيني	8.0
فيديوهات قحبه كويتي	8.0
فيديوهات قحبه لبناني	8.0
فيديوهات قحبه مصري	8.0
فيديوهات قحبه مصريه	8.0
فيديوهات قحبه مغربي	8.0
فيديوهات كس	8.0
فيديوهات متناكه	8.0
فيديوهات محارم	8.0
فيديوهات محارم اردني	8.0
فيديوهات محارم اماراتي	8.0
فيديوهات محارم تونسي	8.0
فيديوهات محارم جزايري	8.0
فيديوهات محارم خليجي	8.0
فيديوهات محارم سعودي	8.0
فيديوهات محارم سوري	8.0
فيديوهات محارم عراقي	8.0
فيديوهات محارم عربي	8.0
فيديوهات محارم عربيه	8.0
فيديوهات محارم فلسطيني	8.0
فيديوهات محارم كويتي	8.0
فيديوهات محارم لبناني	8.0
فيديوهات محارم مصري	8.0
فيديوهات محارم مصريه	8.0
فيديوهات محارم مغربي	8.0
فيديوهات نياكه	8.0
فيديوهات نيك	8.0
فيديوهات نيك اردني	8.0
فيديوهات نيك اماراتي	8.0
فيديوهات نيك تونسي	8.0
فيديوهات نيك جزايري	8.0
فيديوهات نيك خليجي	8.0
فيديوهات نيك سعودي	8.0
فيديوهات نيك سوري	8.0
فيديوهات نيك عراقي	8.0
فيديوهات نيك عربي	8.0
فيديوهات نيك عربيه	8.0
فيديوهات نيك فلسطيني	8.0
فيديوهات نيك كويتي	8.0
فيديوهات نيك لبناني	8.0
فيديوهات نيك مصري	8.0
فيديوهات نيك مصريه	8.0
فيديوهات نيك مغربي	8.0
فيلم اباحي	8.0
فيلم اباحي اردني	8.0
فيلم اباحي اماراتي	8.0
فيلم اباحي تونسي	8.0
فيلم اباحي جزايري	8.0
فيلم اباحي خليجي	8.0
فيلم اباحي سعودي	8.0
فيلم اباحي سوري	8.0
فيلم اباحي عراقي	8.0
فيلم اباحي عربي	8.0
فيلم اباحي عربيه	8.0
فيلم اباحي فلسطيني	8.0
فيلم اباحي كويتي	8.0
فيلم اباحي لبناني	8.0
فيلم اباحي مصري	8.0
فيلم اباحي مصريه	8.0
فيلم اباحي مغربي	8.0
فيلم اباحيه	8.0
فيلم اباحيه اردني	8.0
فيلم اباحيه اماراتي	8.0
فيلم اباحيه تونسي	8.0
فيلم اباحيه جزايري	8.0
فيلم اباحيه خليجي	8.0
فيلم اباحيه سعودي	8.0
فيلم اباحيه سوري	8.0
فيلم اباحيه عراقي	8.0
فيلم اباحيه عربي	8.0
فيلم اباحيه عربيه	8.0
فيلم اباحيه فلسطيني	8.0
فيلم اباحيه كويتي	8.0
فيلم اباحيه لبناني	8.0
فيلم اباحيه مصري	8.0
فيلم اباحيه مصريه	8.0
فيلم اباحيه مغربي	8.0
فيلم استمناء	8.0
فيلم بزاز	8.0
فيلم بورن	8.0
فيلم بورن اردني	8.0
فيلم بورن اماراتي	8.0
فيلم بورن تونسي	8.0
فيلم بورن جزايري	8.0
فيلم بورن خليجي	8.0
فيلم بورن سعودي	8.0
فيلم بورن سوري	8.0
فيلم بورن عراقي	8.0
فيلم بورن عربي	8.0
فيلم بورن عربيه	8.0
فيلم بورن فلسطيني	8.0
فيلم بورن كويتي	8.0
فيلم بورن لبناني	8.0
فيلم بورن مصري	8.0
فيلم بورن مصريه	8.0
فيلم بورن مغربي	8.0
فيلم تعري	8.0
فيلم خلاعه	8.0
فيلم خلاعه اردني	8.0
فيلم خلاعه اماراتي	8.0
فيلم خلاعه تونسي	8.0
فيلم خلاعه جزايري	8.0
فيلم خلاعه خليجي	8.0
فيلم خلاعه سعودي	8.0
فيلم خلاعه سوري	8.0
فيلم خلاعه عراقي	8.0
فيلم خلاعه عربي	8.0
فيلم خلاعه عربيه	8.0
فيلم خلاعه فلسطيني	8.0
فيلم خلاعه كويتي	8.0
فيلم خلاعه لبناني	8.0
فيلم خلاعه مصري	8.0
فيلم خلاعه مصريه	8.0
فيلم خلاعه مغربي	8.0
فيلم دعاره	8.0
فيلم دعاره اردني	8.0
فيلم دعاره اماراتي	8.0
فيلم دعاره تونسي	8.0
فيلم دعاره جزايري	8.0
فيلم دعاره خليجي	8.0
فيلم دعاره سعودي	8.0
فيلم دعاره سوري	8.0
فيلم دعاره عراقي	8.0
فيلم دعاره عربي	8.0
فيلم دعاره عربيه	8.0
فيلم دعاره فلسطيني	8.0
فيلم دعاره كويتي	8.0
فيلم دعاره لبناني	8.0
فيلم دعاره مصري	8.0
فيلم دعاره مصريه	8.0
فيلم دعاره مغربي	8.0
فيلم سكس	8.0
فيلم سكس اردني	8.0
فيلم سكس اماراتي	8.0
فيلم سكس تونسي	8.0
فيلم سكس جزايري	8.0
فيلم سكس خليجي	8.0
فيلم سكس سعودي	8.0
فيلم سكس سوري	8.0
فيلم سكس عراقي	8.0
فيلم سكس عربي	8.0
فيلم سكس عربيه	8.0
فيلم سكس فلسطيني	8.0
فيلم سكس كويتي	8.0
فيلم سكس لبناني	8.0
فيلم سكس مصري	8.0
فيلم سكس مصريه	8.0
فيلم سكس مغربي	8.0
فيلم سكسي	8.0
فيلم شرجي	8.0
فيلم شرموطه	8.0
فيلم شرموطه اردني	8.0
فيلم شرموطه اماراتي	8.0
فيلم شرموطه تونسي	8.0
فيلم شرموطه جزايري	8.0
فيلم شرموطه خليجي	8.0
فيلم شرموطه سعودي	8.0
فيلم شرموطه سوري	8.0
فيلم شرموطه عراقي	8.0
فيلم شرموطه عربي	8.0
فيلم شرموطه عربيه	8.0
فيلم شرموطه فلسطيني	8.0
فيلم شرموطه كويتي	8.0
فيلم شرموطه لبناني	8.0
فيلم شرموطه مصري	8.0
فيلم شرموطه مصريه	8.0
فيلم شرموطه مغربي	8.0
فيلم طيز	8.0
فيلم عاري	8.0
فيلم عاري اردني	8.0
فيلم عاري اماراتي	8.0
فيلم عاري تونسي	8.0
فيلم عاري جزايري	8.0
فيلم عاري خليجي	8.0
فيلم عاري سعودي	8.0
فيلم عاري سوري	8.0
فيلم عاري عراقي	8.0
فيلم عاري عربي	8.0
فيلم عاري عربيه	8.0
فيلم عاري فلسطيني	8.0
فيلم عاري كويتي	8.0
فيلم عاري لبناني	8.0
فيلم عاري مصري	8.0
فيلم عاري مصريه	8.0
فيلم عاري مغربي	8.0
فيلم عاريه	8.0
فيلم عاريه اردني	8.0
فيلم عاريه اماراتي	8.0
فيلم عاريه تونسي	8.0
فيلم عاريه جزايري	8.0
فيلم عاريه خليجي	8.0
فيلم عاريه سعودي	8.0
فيلم عاريه سوري	8.0
فيلم عاريه عراقي	8.0
فيلم عاريه عربي	8.0
فيلم عاريه عربيه	8.0
فيلم عاريه فلسطيني	8.0
فيلم عاريه كويتي	8.0
فيلم عاريه لبناني	8.0
فيلم عاريه مصري	8.0
فيلم عاريه مصريه	8.0
فيلم عاريه مغربي	8.0
فيلم عاهرات	8.0
فيلم قحبه	8.0
فيلم قحبه اردني	8.0
فيلم قحبه اماراتي	8.0
فيلم قحبه تونسي	8.0
فيلم قحبه جزايري	8.0
فيلم قحبه خليجي	8.0
فيلم قحبه سعودي	8.0
فيلم قحبه سوري	8.0
فيلم قحبه عراقي	8.0
فيلم قحبه عربي	8.0
فيلم قحبه عربيه	8.0
فيلم قحبه فلسطيني	8.0
فيلم قحبه كويتي	8.0
فيلم قحبه لبناني	8.0
فيلم قحبه مصري	8.0
فيلم قحبه مصريه	8.0
فيلم قحبه مغربي	8.0
فيلم كس	8.0
فيلم متناكه	8.0
فيلم محارم	8.0
فيلم محارم اردني	8.0
فيلم محارم اماراتي	8.0
فيلم محارم تونسي	8.0
فيلم محارم جزايري	8.0
فيلم محارم خليجي	8.0
فيلم محارم سعودي	8.0
فيلم محارم سوري	8.0
فيلم محارم عراقي	8.0
فيلم محارم عربي	8.0
فيلم محارم عربيه	8.0
فيلم محارم فلسطيني	8.0
فيلم محارم كويتي	8.0
فيلم محارم لبناني	8.0
فيلم محارم مصري	8.0
فيلم محارم مصريه	8.0
فيلم محارم مغربي	8.0
فيلم نياكه	8.0
فيلم نيك	8.0
فيلم نيك اردني	8.0
فيلم نيك اماراتي	8.0
فيلم نيك تونسي	8.0
فيلم نيك جزايري	8.0
فيلم نيك خليجي	8.0
فيلم نيك سعودي	8.0
فيلم نيك سوري	8.0
فيلم نيك عراقي	8.0
فيلم نيك عربي	8.0
فيلم نيك عربيه	8.0
فيلم نيك فلسطيني	8.0
فيلم نيك كويتي	8.0
فيلم نيك لبناني	8.0
فيلم نيك مصري	8.0
فيلم نيك مصريه	8.0
فيلم نيك مغربي	8.0
قحاب	8.0
قحبات	8.0
قحبان	8.0
قحبه	8.0
قحبه hd	8.0
قحبه اردني	8.0
قحبه اماراتي	8.0
قحبه اون لاين	8.0
قحبه بنات	8.0
قحبه تونسي	8.0
قحبه جديد	8.0
قحبه جزايري	8.0
قحبه حقيقي	8.0
قحبه خليجي	8.0
قحبه ساخن	8.0
قحبه ساخنه	8.0
قحبه سعودي	8.0
قحبه سوداني	8.0
قحبه سوري	8.0
قحبه عراقي	8.0
قحبه عربي	8.0
قحبه عربيه	8.0
قحبه فضيحه	8.0
قحبه فلسطيني	8.0
قحبه قطري	8.0
قحبه كامل	8.0
قحبه كويتي	8.0
قحبه لبناني	8.0
قحبه ليبي	8.0
قحبه مترجم	8.0
قحبه مجانا	8.0
قحبه مجاني	8.0
قحبه محارم	8.0
قحبه محجبات	8.0
قحبه مراهقات	8.0
قحبه مسرب	8.0
قحبه مصري	8.0
قحبه مصريه	8.0
قحبه مغربي	8.0
قحبه مغربيه	8.0
قحبه منقبات	8.0
قحبه نار	8.0
قحبه نساء	8.0
قحبه يمني	8.0
قحش	2.0
قدف	2.0
قذف	2.0
قزف	2.0
قصص اباحي	8.0
قصص اباحي اردني	8.0
قصص اباحي اماراتي	8.0
قصص اباحي تونسي	8.0
قصص اباحي جزايري	8.0
قصص اباحي خليجي	8.0
قصص اباحي سعودي	8.0
قصص اباحي سوري	8.0
قصص اباحي عراقي	8.0
قصص اباحي عربي	8.0
قصص اباحي عربيه	8.0
قصص اباحي فلسطيني	8.0
قصص اباحي كويتي	8.0
قصص اباحي لبناني	8.0
قصص اباحي مصري	8.0
قصص اباحي مصريه	8.0
قصص اباحي مغربي	8.0
قصص اباحيه	8.0
قصص اباحيه اردني	8.0
قصص اباحيه اماراتي	8.0
قصص اباحيه تونسي	8.0
قصص اباحيه جزايري	8.0
قصص اباحيه خليجي	8.0
قصص اباحيه سعودي	8.0
قصص اباحيه سوري	8.0
قصص اباحيه عراقي	8.0
قصص اباحيه عربي	8.0
قصص اباحيه عربيه	8.0
قصص اباحيه فلسطيني	8.0
قصص اباحيه كويتي	8.0
قصص اباحيه لبناني	8.0
قصص اباحيه مصري	8.0
قصص اباحيه مصريه	8.0
قصص اباحيه مغربي	8.0
قصص استمناء	8.0
قصص بزاز	8.0
قصص بورن	8.0
قصص بورن اردني	8.0
قصص بورن اماراتي	8.0
قصص بورن تونسي	8.0
قصص بورن جزايري	8.0
قصص بورن خليجي	8.0
قصص بورن سعودي	8.0
قصص بورن سوري	8.0
قصص بورن عراقي	8.0
قصص بورن عربي	8.0
قصص بورن عربيه	8.0
قصص بورن فلسطيني	8.0
قصص بورن كويتي	8.0
قصص بورن لبناني	8.0
قصص بورن مصري	8.0
قصص بورن مصريه	8.0
قصص بورن مغربي	8.0
قصص تعري	8.0
قصص خلاعه	8.0
قصص خلاعه اردني	8.0
قصص خلاعه اماراتي	8.0
قصص خلاعه تونسي	8.0
قصص خلاعه جزايري	8.0
قصص خلاعه خليجي	8.0
قصص خلاعه سعودي	8.0
قصص خلاعه سوري	8.0
قصص خلاعه عراقي	8.0
قصص خلاعه عربي	8.0
قصص خلاعه عربيه	8.0
قصص خلاعه فلسطيني	8.0
قصص خلاعه كويتي	8.0
قصص خلاعه لبناني	8.0
قصص خلاعه مصري	8.0
قصص خلاعه مصريه	8.0
قصص خلاعه مغربي	8.0
قصص دعاره	8.0
قصص دعاره اردني	8.0
قصص دعاره اماراتي	8.0
قصص دعاره تونسي	8.0
قصص دعاره جزايري	8.0
قصص دعاره خليجي	8.0
قصص دعاره سعودي	8.0
قصص دعاره سوري	8.0
قصص دعاره عراقي	8.0
قصص دعاره عربي	8.0
قصص دعاره عربيه	8.0
قصص دعاره فلسطيني	8.0
قصص دعاره كويتي	8.0
قصص دعاره لبناني	8.0
قصص دعاره مصري	8.0
قصص دعاره مصريه	8.0
قصص دعاره مغربي	8.0
قصص سكس	8.0
قصص سكس اردني	8.0
قصص سكس اماراتي	8.0
قصص سكس تونسي	8.0
قصص سكس جزايري	8.0
قصص سكس خليجي	8.0
قصص سكس سعودي	8.0
قصص سكس سوري	8.0
قصص سكس عراقي	8.0
قصص سكس عربي	8.0
قصص سكس عربيه	8.0
قصص سكس فلسطيني	8.0
قصص سكس كويتي	8.0
قصص سكس لبناني	8.0
قصص سكس مصري	8.0
قصص سكس مصريه	8.0
قصص سكس مغربي	8.0
قصص سكسي	8.0
قصص شرجي	8.0
قصص شرموطه	8.0
قصص شرموطه اردني	8.0
قصص شرموطه اماراتي	8.0
قصص شرموطه تونسي	8.0
قصص شرموطه جزايري	8.0
قصص شرموطه خليجي	8.0
قصص شرموطه سعودي	8.0
قصص شرموطه سوري	8.0
قصص شرموطه عراقي	8.0
قصص شرموطه عربي	8.0
قصص شرموطه عربيه	8.0
قصص شرموطه فلسطيني	8.0
قصص شرموطه كويتي	8.0
قصص شرموطه لبناني	8.0
قصص شرموطه مصري	8.0
قصص شرموطه مصريه	8.0
قصص شرموطه مغربي	8.0
قصص طيز	8.0
قصص عاري	8.0
قصص عاري اردني	8.0
قصص عاري اماراتي	8.0
قصص عاري تونسي	8.0
قصص عاري جزايري	8.0
قصص عاري خليجي	8.0
قصص عاري سعودي	8.0
قصص عاري سوري	8.0
قصص عاري عراقي	8.0
قصص عاري عربي	8.0
قصص عاري عربيه	8.0
قصص عاري فلسطيني	8.0
قصص عاري كويتي	8.0
قصص عاري لبناني	8.0
قصص عاري مصري	8.0
قصص عاري مصريه	8.0
قصص عاري مغربي	8.0
قصص عاريه	8.0
قصص عاريه اردني	8.0
قصص عاريه اماراتي	8.0
قصص عاريه تونسي	8.0
قصص عاريه جزايري	8.0
قصص عاريه خليجي	8.0
قصص عاريه سعودي	8.0
قصص عاريه سوري	8.0
قصص عاريه عراقي	8.0
قصص عاريه عربي	8.0
قصص عاريه عربيه	8.0
قصص عاريه فلسطيني	8.0
قصص عاريه كويتي	8.0
قصص عاريه لبناني	8.0
قصص عاريه مصري	8.0
قصص عاريه مصريه	8.0
قصص عاريه مغربي	8.0
قصص عاهرات	8.0
قصص قحبه	8.0
قصص قحبه اردني	8.0
قصص قحبه اماراتي	8.0
قصص قحبه تونسي	8.0
قصص قحبه جزايري	8.0
قصص قحبه خليجي	8.0
قصص قحبه سعودي	8.0
قصص قحبه سوري	8.0
قصص قحبه عراقي	8.0
قصص قحبه عربي	8.0
قصص قحبه عربيه	8.0
قصص قحبه فلسطيني	8.0
قصص قحبه كويتي	8.0
قصص قحبه لبناني	8.0
قصص قحبه مصري	8.0
قصص قحبه مصريه	8.0
قصص قحبه مغربي	8.0
قصص كس	8.0
قصص متناكه	8.0
قصص محارم	8.0
قصص محارم اردني	8.0
قصص محارم اماراتي	8.0
قصص محارم تونسي	8.0
قصص محارم جزايري	8.0
قصص محارم خليجي	8.0
قصص محارم سعودي	8.0
قصص محارم سوري	8.0
قصص محارم عراقي	8.0
قصص محارم عربي	8.0
قصص محارم عربيه	8.0
قصص محارم فلسطيني	8.0
قصص محارم كويتي	8.0
قصص محارم لبناني	8.0
قصص محارم مصري	8.0
قصص محارم مصريه	8.0
قصص محارم مغربي	8.0
قصص نياكه	8.0
قصص نيك	8.0
قصص نيك اردني	8.0
قصص نيك اماراتي	8.0
قصص نيك تونسي	8.0
قصص نيك جزايري	8.0
قصص نيك خليجي	8.0
قصص نيك سعودي	8.0
قصص نيك سوري	8.0
قصص نيك عراقي	8.0
قصص نيك عربي	8.0
قصص نيك عربيه	8.0
قصص نيك فلسطيني	8.0
قصص نيك كويتي	8.0
قصص نيك لبناني	8.0
قصص نيك مصري	8.0
قصص نيك مصريه	8.0
قصص نيك مغربي	8.0
قصه اباحي	8.0
قصه اباحي اردني	8.0
قصه اباحي اماراتي	8.0
قصه اباحي تونسي	8.0
قصه اباحي جزايري	8.0
قصه اباحي خليجي	8.0
قصه اباحي سعودي	8.0
قصه اباحي سوري	8.0
قصه اباحي عراقي	8.0
قصه اباحي عربي	8.0
قصه اباحي عربيه	8.0
قصه اباحي فلسطيني	8.0
قصه اباحي كويتي	8.0
قصه اباحي لبناني	8.0
قصه اباحي مصري	8.0
قصه اباحي مصريه	8.0
قصه اباحي مغربي	8.0
قصه اباحيه	8.0
قصه اباحيه اردني	8.0
قصه اباحيه اماراتي	8.0
قصه اباحيه تونسي	8.0
قصه اباحيه جزايري	8.0
قصه اباحيه خليجي	8.0
قصه اباحيه سعودي	8.0
قصه اباحيه سوري	8.0
قصه اباحيه عراقي	8.0
قصه اباحيه عربي	8.0
قصه اباحيه عربيه	8.0
قصه اباحيه فلسطيني	8.0
قصه اباحيه كويتي	8.0
قصه اباحيه لبناني	8.0
قصه اباحيه مصري	8.0
قصه اباحيه مصريه	8.0
قصه اباحيه مغربي	8.0
قصه استمناء	8.0
قصه بزاز	8.0
قصه بورن	8.0
قصه بورن اردني	8.0
قصه بورن اماراتي	8.0
قصه بورن تونسي	8.0
قصه بورن جزايري	8.0
قصه بورن خليجي	8.0
قصه بورن سعودي	8.0
قصه بورن سوري	8.0
قصه بورن عراقي	8.0
قصه بورن عربي	8.0
قصه بورن عربيه	8.0
قصه بورن فلسطيني	8.0
قصه بورن كويتي	8.0
قصه بورن لبناني	8.0
قصه بورن مصري	8.0
قصه بورن مصريه	8.0
قصه بورن مغربي	8.0
قصه تعري	8.0
قصه خلاعه	8.0
قصه خلاعه اردني	8.0
قصه خلاعه اماراتي	8.0
قصه خلاعه تونسي	8.0
قصه خلاعه جزايري	8.0
قصه خلاعه خليجي	8.0
قصه خلاعه سعودي	8.0
قصه خلاعه سوري	8.0
قصه خلاعه عراقي	8.0
قصه خلاعه عربي	8.0
قصه خلاعه عربيه	8.0
قصه خلاعه فلسطيني	8.0
قصه خلاعه كويتي	8.0
قصه خلاعه لبناني	8.0
قصه خلاعه مصري	8.0
قصه خلاعه مصريه	8.0
قصه خلاعه مغربي	8.0
قصه دعاره	8.0
قصه دعاره اردني	8.0
قصه دعاره اماراتي	8.0
قصه دعاره تونسي	8.0
قصه دعاره جزايري	8.0
قصه دعاره خليجي	8.0
قصه دعاره سعودي	8.0
قصه دعاره سوري	8.0
قصه دعاره عراقي	8.0
قصه دعاره عربي	8.0
قصه دعاره عربيه	8.0
قصه دعاره فلسطيني	8.0
قصه دعاره كويتي	8.0
قصه دعاره لبناني	8.0
قصه دعاره مصري	8.0
قصه دعاره مصريه	8.0
قصه دعاره مغربي	8.0
قصه سكس	8.0
قصه سكس اردني	8.0
قصه سكس اماراتي	8.0
قصه سكس تونسي	8.0
قصه سكس جزايري	8.0
قصه سكس خليجي	8.0
قصه سكس سعودي	8.0
قصه سكس سوري	8.0
قصه سكس عراقي	8.0
قصه سكس عربي	8.0
قصه سكس عربيه	8.0
قصه سكس فلسطيني	8.0
قصه سكس كويتي	8.0
قصه سكس لبناني	8.0
قصه سكس مصري	8.0
قصه سكس مصريه	8.0
قصه سكس مغربي	8.0
قصه سكسي	8.0
قصه شرجي	8.0
قصه شرموطه	8.0
قصه شرموطه اردني	8.0
قصه شرموطه اماراتي	8.0
قصه شرموطه تونسي	8.0
قصه شرموطه جزايري	8.0
قصه شرموطه خليجي	8.0
قصه شرموطه سعودي	8.0
قصه شرموطه سوري	8.0
قصه شرموطه عراقي	8.0
قصه شرموطه عربي	8.0
قصه شرموطه عربيه	8.0
قصه شرموطه فلسطيني	8.0
قصه شرموطه كويتي	8.0
قصه شرموطه لبناني	8.0
قصه شرموطه مصري	8.0
قصه شرموطه مصريه	8.0
قصه شرموطه مغربي	8.0
قصه طيز	8.0
قصه عاري	8.0
قصه عاري اردني	8.0
قصه عاري اماراتي	8.0
قصه عاري تونسي	8.0
قصه عاري جزايري	8.0
قصه عاري خليجي	8.0
قصه عاري سعودي	8.0
قصه عاري سوري	8.0
قصه عاري عراقي	8.0
قصه عاري عربي	8.0
قصه عاري عربيه	8.0
قصه عاري فلسطيني	8.0
قصه عاري كويتي	8.0
قصه عاري لبناني	8.0
قصه عاري مصري	8.0
قصه عاري مصريه	8.0
قصه عاري مغربي	8.0
قصه عاريه	8.0
قصه عاريه اردني	8.0
قصه عاريه اماراتي	8.0
قصه عاريه تونسي	8.0
قصه عاريه جزايري	8.0
قصه عاريه خليجي	8.0
قصه عاريه سعودي	8.0
قصه عاريه سوري	8.0
قصه عاريه عراقي	8.0
قصه عاريه عربي	8.0
قصه عاريه عربيه	8.0
قصه عاريه فلسطيني	8.0
قصه عاريه كويتي	8.0
قصه عاريه لبناني	8.0
قصه عاريه مصري	8.0
قصه عاريه مصريه	8.0
قصه عاريه مغربي	8.0
قصه عاهرات	8.0
قصه قحبه	8.0
قصه قحبه اردني	8.0
قصه قحبه اماراتي	8.0
قصه قحبه تونسي	8.0
قصه قحبه جزايري	8.0
قصه قحبه خليجي	8.0
قصه قحبه سعودي	8.0
قصه قحبه سوري	8.0
قصه قحبه عراقي	8.0
قصه قحبه عربي	8.0
قصه قحبه عربيه	8.0
قصه قحبه فلسطيني	8.0
قصه قحبه كويتي	8.0
قصه قحبه لبناني	8.0
قصه قحبه مصري	8.0
قصه قحبه مصريه	8.0
قصه قحبه مغربي	8.0
قصه كس	8.0
قصه متناكه	8.0
قصه محارم	8.0
قصه محارم اردني	8.0
قصه محارم اماراتي	8.0
قصه محارم تونسي	8.0
قصه محارم جزايري	8.0
قصه محارم خليجي	8.0
قصه محارم سعودي	8.0
قصه محارم سوري	8.0
قصه محارم عراقي	8.0
قصه محارم عربي	8.0
قصه محارم عربيه	8.0
قصه محارم فلسطيني	8.0
قصه محارم كويتي	8.0
قصه محارم لبناني	8.0
قصه محارم مصري	8.0
قصه محارم مصريه	8.0
قصه محارم مغربي	8.0
قصه نياكه	8.0
قصه نيك	8.0
قصه نيك اردني	8.0
قصه نيك اماراتي	8.0
قصه نيك تونسي	8.0
قصه نيك جزايري	8.0
قصه نيك خليجي	8.0
قصه نيك سعودي	8.0
قصه نيك سوري	8.0
قصه نيك عراقي	8.0
قصه نيك عربي	8.0
قصه نيك عربيه	8.0
قصه نيك فلسطيني	8.0
قصه نيك كويتي	8.0
قصه نيك لبناني	8.0
قصه نيك مصري	8.0
قصه نيك مصريه	8.0
قصه نيك مغربي	8.0
قماعي	2.0
قنس قماعي	4.0
قواد	4.0
كاميرا مباشره	2.0
كحاب	8.0
كحبات	6.0
كحبان	6.0
كحبه	8.0
كحبه مغربيه	6.0
كذف	2.0
كس	4.0
كس hd	8.0
كس اردني	8.0
كس اماراتي	8.0
كس اون لاين	8.0
كس بنات	8.0
كس تونسي	8.0
كس جديد	8.0
كس جزايري	8.0
كس حقيقي	8.0
كس خليجي	8.0
كس ساخن	8.0
كس ساخنه	8.0
كس سعودي	8.0
كس سوداني	8.0
كس سوري	8.0
كس عراقي	8.0
كس عربي	8.0
كس عربيه	8.0
كس فضيحه	8.0
كس فلسطيني	8.0
كس قطري	8.0
كس كامل	8.0
كس كويتي	8.0
كس لبناني	8.0
كس ليبي	8.0
كس مترجم	8.0
كس مجانا	8.0
كس مجاني	8.0
كس محارم	8.0
كس محجبات	8.0
كس مراهقات	8.0
كس مسرب	8.0
كس مصري	8.0
كس مصريه	8.0
كس مغربي	8.0
كس منقبات	8.0
كس نار	8.0
كس نساء	8.0
كس يمني	8.0
كسج	8.0
كسق	6.0
كسك	8.0
كسمك	8.0
كسها	8.0
كسي	8.0
كصص محارم	6.0
كضاب	2.0
كظاب	2.0
كواد	2.0
كوس	4.0
لبوه	6.0
لحس	2.0
لده جنسيه	4.0
لذه جنسيه	6.0
لذه قنسيه	4.0
لزه جنسيه	4.0
لواط	4.0
لوطي	4.0
لوطيه	4.0
ماجن	4.0
ماقن	2.0
مبادله	2.0
متحولين	2.0
متشرمطه	8.0
متعريه	8.0
متليات	2.0
متليين	2.0
متناك	8.0
متناكه	8.0
متناكه hd	8.0
متناكه اردني	8.0
متناكه اماراتي	8.0
متناكه اون لاين	8.0
متناكه بنات	8.0
متناكه تونسي	8.0
متناكه جديد	8.0
متناكه جزايري	8.0
متناكه حقيقي	8.0
متناكه خليجي	8.0
متناكه ساخن	8.0
متناكه ساخنه	8.0
متناكه سعودي	8.0
متناكه سوداني	8.0
متناكه سوري	8.0
متناكه عراقي	8.0
متناكه عربي	8.0
متناكه عربيه	8.0
متناكه فضيحه	8.0
متناكه فلسطيني	8.0
متناكه قطري	8.0
متناكه كامل	8.0
متناكه كويتي	8.0
متناكه لبناني	8.0
متناكه ليبي	8.0
متناكه مترجم	8.0
متناكه مجانا	8.0
متناكه مجاني	8.0
متناكه محارم	8.0
متناكه محجبات	8.0
متناكه مراهقات	8.0
متناكه مسرب	8.0
متناكه مصري	8.0
متناكه مصريه	8.0
متناكه مغربي	8.0
متناكه منقبات	8.0
متناكه نار	8.0
متناكه نساء	8.0
متناكه يمني	8.0
متناكين	8.0
متيرات	2.0
متيره	2.0
مثليات	2.0
مثليين	2.0
مثيرات	4.0
مثيره	4.0
مجموعه اباحي	8.0
مجموعه اباحيه	8.0
مجموعه استمناء	8.0
مجموعه بزاز	8.0
مجموعه بورن	8.0
مجموعه تعري	8.0
مجموعه خلاعه	8.0
مجموعه دعاره	8.0
مجموعه سكس	8.0
مجموعه سكسي	8.0
مجموعه شرجي	8.0
مجموعه شرموطه	8.0
مجموعه طيز	8.0
مجموعه عاري	8.0
مجموعه عاريه	8.0
مجموعه عاهرات	8.0
مجموعه قحبه	8.0
مجموعه كس	8.0
مجموعه متناكه	8.0
مجموعه محارم	8.0
مجموعه نياكه	8.0
مجموعه نيك	8.0
مجون	4.0
محارم	4.0
محارم hd	8.0
محارم اردني	8.0
محارم اماراتي	8.0
محارم اون لاين	8.0
محارم بنات	8.0
محارم تونسي	8.0
محارم جديد	8.0
محارم جزايري	8.0
محارم حقيقي	8.0
محارم خليجي	8.0
محارم ساخن	8.0
محارم ساخنه	8.0
محارم سعودي	8.0
محارم سوداني	8.0
محارم سوري	8.0
محارم عراقي	8.0
محارم عربي	8.0
محارم عربيه	8.0
محارم فضيحه	8.0
محارم فلسطيني	8.0
محارم قطري	8.0
محارم كامل	8.0
محارم كويتي	8.0
محارم لبناني	8.0
محارم ليبي	8.0
محارم مترجم	8.0
محارم مجانا	8.0
محارم مجاني	8.0
محارم محارم	8.0
محارم محجبات	8.0
محارم مراهقات	8.0
محارم مسرب	8.0
محارم مصري	8.0
محارم مصريه	8.0
محارم مغربي	8.0
محارم منقبات	8.0
محارم نار	8.0
محارم نساء	8.0
محارم يمني	8.0
مخنت	2.0
مخنث	4.0
مخنس	2.0
مراهغات	2.0
مراهقات	4.0
مراهكات	2.0
مساج جنسي	8.0
مساق قنسي	6.0
مسرب	2.0
مسربه	2.0
مسليات	2.0
مسليين	2.0
مسيرات	2.0
مسيره	2.0
مشاهده اباحي	8.0
مشاهده اباحيه	8.0
مشاهده استمناء	8.0
مشاهده بزاز	8.0
مشاهده بورن	8.0
مشاهده تعري	8.0
مشاهده خلاعه	8.0
مشاهده دعاره	8.0
مشاهده سكس	8.0
مشاهده سكسي	8.0
مشاهده شرجي	8.0
مشاهده شرموطه	8.0
مشاهده طيز	8.0
مشاهده عاري	8.0
مشاهده عاريه	8.0
مشاهده عاهرات	8.0
مشاهده قحبه	8.0
مشاهده كس	8.0
مشاهده متناكه	8.0
مشاهده محارم	8.0
مشاهده نياكه	8.0
مشاهده نيك	8.0
مص	2.0
مصاصه	2.0
مضاجعه	6.0
مضاقعه	4.0
مظاجعه	4.0
معاشره	2.0
معرص	6.0
معرصين	6.0
مقاطع اباحي	8.0
مقاطع اباحي اردني	8.0
مقاطع اباحي اماراتي	8.0
مقاطع اباحي تونسي	8.0
مقاطع اباحي جزايري	8.0
مقاطع اباحي خليجي	8.0
مقاطع اباحي سعودي	8.0
مقاطع اباحي سوري	8.0
مقاطع اباحي عراقي	8.0
مقاطع اباحي عربي	8.0
مقاطع اباحي عربيه	8.0
مقاطع اباحي فلسطيني	8.0
مقاطع اباحي كويتي	8.0
مقاطع اباحي لبناني	8.0
مقاطع اباحي مصري	8.0
مقاطع اباحي مصريه	8.0
مقاطع اباحي مغربي	8.0
مقاطع اباحيه	8.0
مقاطع اباحيه اردني	8.0
مقاطع اباحيه اماراتي	8.0
مقاطع اباحيه تونسي	8.0
مقاطع اباحيه جزايري	8.0
مقاطع اباحيه خليجي	8.0
مقاطع اباحيه سعودي	8.0
مقاطع اباحيه سوري	8.0
مقاطع اباحيه عراقي	8.0
مقاطع اباحيه عربي	8.0
مقاطع اباحيه عربيه	8.0
مقاطع اباحيه فلسطيني	8.0
مقاطع اباحيه كويتي	8.0
مقاطع اباحيه لبناني	8.0
مقاطع اباحيه مصري	8.0
مقاطع اباحيه مصريه	8.0
مقاطع اباحيه مغربي	8.0
مقاطع استمناء	8.0
مقاطع بزاز	8.0
مقاطع بورن	8.0
مقاطع بورن اردني	8.0
مقاطع بورن اماراتي	8.0
مقاطع بورن تونسي	8.0
مقاطع بورن جزايري	8.0
مقاطع بورن خليجي	8.0
مقاطع بورن سعودي	8.0
مقاطع بورن سوري	8.0
مقاطع بورن عراقي	8.0
مقاطع بورن عربي	8.0
مقاطع بورن عربيه	8.0
مقاطع بورن فلسطيني	8.0
مقاطع بورن كويتي	8.0
مقاطع بورن لبناني	8.0
مقاطع بورن مصري	8.0
مقاطع بورن مصريه	8.0
مقاطع بورن مغربي	8.0
مقاطع تعري	8.0
مقاطع خلاعه	8.0
مقاطع خلاعه اردني	8.0
مقاطع خلاعه اماراتي	8.0
مقاطع خلاعه تونسي	8.0
مقاطع خلاعه جزايري	8.0
مقاطع خلاعه خليجي	8.0
مقاطع خلاعه سعودي	8.0
مقاطع خلاعه سوري	8.0
مقاطع خلاعه عراقي	8.0
مقاطع خلاعه عربي	8.0
مقاطع خلاعه عربيه	8.0
مقاطع خلاعه فلسطيني	8.0
مقاطع خلاعه كويتي	8.0
مقاطع خلاعه لبناني	8.0
مقاطع خلاعه مصري	8.0
مقاطع خلاعه مصريه	8.0
مقاطع خلاعه مغربي	8.0
مقاطع دعاره	8.0
مقاطع دعاره اردني	8.0
مقاطع دعاره اماراتي	8.0
مقاطع دعاره تونسي	8.0
مقاطع دعاره جزايري	8.0
مقاطع دعاره خليجي	8.0
مقاطع دعاره سعودي	8.0
مقاطع دعاره سوري	8.0
مقاطع دعاره عراقي	8.0
مقاطع دعاره عربي	8.0
مقاطع دعاره عربيه	8.0
مقاطع دعاره فلسطيني	8.0
مقاطع دعاره كويتي	8.0
مقاطع دعاره لبناني	8.0
مقاطع دعاره مصري	8.0
مقاطع دعاره مصريه	8.0
مقاطع دعاره مغربي	8.0
مقاطع سكس	8.0
مقاطع سكس اردني	8.0
مقاطع سكس اماراتي	8.0
مقاطع سكس تونسي	8.0
مقاطع سكس جزايري	8.0
مقاطع سكس خليجي	8.0
مقاطع سكس سعودي	8.0
مقاطع سكس سوري	8.0
مقاطع سكس عراقي	8.0
مقاطع سكس عربي	8.0
مقاطع سكس عربيه	8.0
مقاطع سكس فلسطيني	8.0
مقاطع سكس كويتي	8.0
مقاطع سكس لبناني	8.0
مقاطع سكس مصري	8.0
مقاطع سكس مصريه	8.0
مقاطع سكس مغربي	8.0
مقاطع سكسي	8.0
مقاطع شرجي	8.0
مقاطع شرموطه	8.0
مقاطع شرموطه اردني	8.0
مقاطع شرموطه اماراتي	8.0
مقاطع شرموطه تونسي	8.0
مقاطع شرموطه جزايري	8.0
مقاطع شرموطه خليجي	8.0
مقاطع شرموطه سعودي	8.0
مقاطع شرموطه سوري	8.0
مقاطع شرموطه عراقي	8.0
مقاطع شرموطه عربي	8.0
مقاطع شرموطه عربيه	8.0
مقاطع شرموطه فلسطيني	8.0
مقاطع شرموطه كويتي	8.0
مقاطع شرموطه لبناني	8.0
مقاطع شرموطه مصري	8.0
مقاطع شرموطه مصريه	8.0
مقاطع شرموطه مغربي	8.0
مقاطع طيز	8.0
مقاطع عاري	8.0
مقاطع عاري اردني	8.0
مقاطع عاري اماراتي	8.0
مقاطع عاري تونسي	8.0
مقاطع عاري جزايري	8.0
مقاطع عاري خليجي	8.0
مقاطع عاري سعودي	8.0
مقاطع عاري سوري	8.0
مقاطع عاري عراقي	8.0
مقاطع عاري عربي	8.0
مقاطع عاري عربيه	8.0
مقاطع عاري فلسطيني	8.0
مقاطع عاري كويتي	8.0
مقاطع عاري لبناني	8.0
مقاطع عاري مصري	8.0
مقاطع عاري مصريه	8.0
مقاطع عاري مغربي	8.0
مقاطع عاريه	8.0
مقاطع عاريه اردني	8.0
مقاطع عاريه اماراتي	8.0
مقاطع عاريه تونسي	8.0
مقاطع عاريه جزايري	8.0
مقاطع عاريه خليجي	8.0
مقاطع عاريه سعودي	8.0
مقاطع عاريه سوري	8.0
مقاطع عاريه عراقي	8.0
مقاطع عاريه عربي	8.0
مقاطع عاريه عربيه	8.0
مقاطع عاريه فلسطيني	8.0
مقاطع عاريه كويتي	8.0
مقاطع عاريه لبناني	8.0
مقاطع عاريه مصري	8.0
مقاطع عاريه مصريه	8.0
مقاطع عاريه مغربي	8.0
مقاطع عاهرات	8.0
مقاطع قحبه	8.0
مقاطع قحبه اردني	8.0
مقاطع قحبه اماراتي	8.0
مقاطع قحبه تونسي	8.0
مقاطع قحبه جزايري	8.0
مقاطع قحبه خليجي	8.0
مقاطع قحبه سعودي	8.0
مقاطع قحبه سوري	8.0
مقاطع قحبه عراقي	8.0
مقاطع قحبه عربي	8.0
مقاطع قحبه عربيه	8.0
مقاطع قحبه فلسطيني	8.0
مقاطع قحبه كويتي	8.0
مقاطع قحبه لبناني	8.0
مقاطع قحبه مصري	8.0
مقاطع قحبه مصريه	8.0
مقاطع قحبه مغربي	8.0
مقاطع كس	8.0
مقاطع متناكه	8.0
مقاطع محارم	8.0
مقاطع محارم اردني	8.0
مقاطع محارم اماراتي	8.0
مقاطع محارم تونسي	8.0
مقاطع محارم جزايري	8.0
مقاطع محارم خليجي	8.0
مقاطع محارم سعودي	8.0
مقاطع محارم سوري	8.0
مقاطع محارم عراقي	8.0
مقاطع محارم عربي	8.0
مقاطع محارم عربيه	8.0
مقاطع محارم فلسطيني	8.0
مقاطع محارم كويتي	8.0
مقاطع محارم لبناني	8.0
مقاطع محارم مصري	8.0
مقاطع محارم مصريه	8.0
مقاطع محارم مغربي	8.0
مقاطع نياكه	8.0
مقاطع نيك	8.0
مقاطع نيك اردني	8.0
مقاطع نيك اماراتي	8.0
مقاطع نيك تونسي	8.0
مقاطع نيك جزايري	8.0
مقاطع نيك خليجي	8.0
مقاطع نيك سعودي	8.0
مقاطع نيك سوري	8.0
مقاطع نيك عراقي	8.0
مقاطع نيك عربي	8.0
مقاطع نيك عربيه	8.0
مقاطع نيك فلسطيني	8.0
مقاطع نيك كويتي	8.0
مقاطع نيك لبناني	8.0
مقاطع نيك مصري	8.0
مقاطع نيك مصريه	8.0
مقاطع نيك مغربي	8.0
مقطع اباحي	8.0
مقطع اباحي اردني	8.0
مقطع اباحي اماراتي	8.0
مقطع اباحي تونسي	8.0
مقطع اباحي جزايري	8.0
مقطع اباحي خليجي	8.0
مقطع اباحي سعودي	8.0
مقطع اباحي سوري	8.0
مقطع اباحي عراقي	8.0
مقطع اباحي عربي	8.0
مقطع اباحي عربيه	8.0
مقطع اباحي فلسطيني	8.0
مقطع اباحي كويتي	8.0
مقطع اباحي لبناني	8.0
مقطع اباحي مصري	8.0
مقطع اباحي مصريه	8.0
مقطع اباحي مغربي	8.0
مقطع اباحيه	8.0
مقطع اباحيه اردني	8.0
مقطع اباحيه اماراتي	8.0
مقطع اباحيه تونسي	8.0
مقطع اباحيه جزايري	8.0
مقطع اباحيه خليجي	8.0
مقطع اباحيه سعودي	8.0
مقطع اباحيه سوري	8.0
مقطع اباحيه عراقي	8.0
مقطع اباحيه عربي	8.0
مقطع اباحيه عربيه	8.0
مقطع اباحيه فلسطيني	8.0
مقطع اباحيه كويتي	8.0
مقطع اباحيه لبناني	8.0
مقطع اباحيه مصري	8.0
مقطع اباحيه مصريه	8.0
مقطع اباحيه مغربي	8.0
مقطع استمناء	8.0
مقطع بزاز	8.0
مقطع بورن	8.0
مقطع بورن اردني	8.0
مقطع بورن اماراتي	8.0
مقطع بورن تونسي	8.0
مقطع بورن جزايري	8.0
مقطع بورن خليجي	8.0
مقطع بورن سعودي	8.0
مقطع بورن سوري	8.0
مقطع بورن عراقي	8.0
مقطع بورن عربي	8.0
مقطع بورن عربيه	8.0
مقطع بورن فلسطيني	8.0
مقطع بورن كويتي	8.0
مقطع بورن لبناني	8.0
مقطع بورن مصري	8.0
مقطع بورن مصريه	8.0
مقطع بورن مغربي	8.0
مقطع تعري	8.0
مقطع خلاعه	8.0
مقطع خلاعه اردني	8.0
مقطع خلاعه اماراتي	8.0
مقطع خلاعه تونسي	8.0
مقطع خلاعه جزايري	8.0
مقطع خلاعه خليجي	8.0
مقطع خلاعه سعودي	8.0
مقطع خلاعه سوري	8.0
مقطع خلاعه عراقي	8.0
مقطع خلاعه عربي	8.0
مقطع خلاعه عربيه	8.0
مقطع خلاعه فلسطيني	8.0
مقطع خلاعه كويتي	8.0
مقطع خلاعه لبناني	8.0
مقطع خلاعه مصري	8.0
مقطع خلاعه مصريه	8.0
مقطع خلاعه مغربي	8.0
مقطع دعاره	8.0
مقطع دعاره اردني	8.0
مقطع دعاره اماراتي	8.0
مقطع دعاره تونسي	8.0
مقطع دعاره جزايري	8.0
مقطع دعاره خليجي	8.0
مقطع دعاره سعودي	8.0
مقطع دعاره سوري	8.0
مقطع دعاره عراقي	8.0
مقطع دعاره عربي	8.0
مقطع دعاره عربيه	8.0
مقطع دعاره فلسطيني	8.0
مقطع دعاره كويتي	8.0
مقطع دعاره لبناني	8.0
مقطع دعاره مصري	8.0
مقطع دعاره مصريه	8.0
مقطع دعاره مغربي	8.0
مقطع سكس	8.0
مقطع سكس اردني	8.0
مقطع سكس اماراتي	8.0
مقطع سكس تونسي	8.0
مقطع سكس جزايري	8.0
مقطع سكس خليجي	8.0
مقطع سكس سعودي	8.0
مقطع سكس سوري	8.0
مقطع سكس عراقي	8.0
مقطع سكس عربي	8.0
مقطع سكس عربيه	8.0
مقطع سكس فلسطيني	8.0
مقطع سكس كويتي	8.0
مقطع سكس لبناني	8.0
مقطع سكس مصري	8.0
مقطع سكس مصريه	8.0
مقطع سكس مغربي	8.0
مقطع سكسي	8.0
مقطع شرجي	8.0
مقطع شرموطه	8.0
مقطع شرموطه اردني	8.0
مقطع شرموطه اماراتي	8.0
مقطع شرموطه تونسي	8.0
مقطع شرموطه جزايري	8.0
مقطع شرموطه خليجي	8.0
مقطع شرموطه سعودي	8.0
مقطع شرموطه سوري	8.0
مقطع شرموطه عراقي	8.0
مقطع شرموطه عربي	8.0
مقطع شرموطه عربيه	8.0
مقطع شرموطه فلسطيني	8.0
مقطع شرموطه كويتي	8.0
مقطع شرموطه لبناني	8.0
مقطع شرموطه مصري	8.0
مقطع شرموطه مصريه	8.0
مقطع شرموطه مغربي	8.0
مقطع طيز	8.0
مقطع عاري	8.0
مقطع عاري اردني	8.0
مقطع عاري اماراتي	8.0
مقطع عاري تونسي	8.0
مقطع عاري جزايري	8.0
مقطع عاري خليجي	8.0
مقطع عاري سعودي	8.0
مقطع عاري سوري	8.0
مقطع عاري عراقي	8.0
مقطع عاري عربي	8.0
مقطع عاري عربيه	8.0
مقطع عاري فلسطيني	8.0
مقطع عاري كويتي	8.0
مقطع عاري لبناني	8.0
مقطع عاري مصري	8.0
مقطع عاري مصريه	8.0
مقطع عاري مغربي	8.0
مقطع عاريه	8.0
مقطع عاريه اردني	8.0
مقطع عاريه اماراتي	8.0
مقطع عاريه تونسي	8.0
مقطع عاريه جزايري	8.0
مقطع عاريه خليجي	8.0
مقطع عاريه سعودي	8.0
مقطع عاريه سوري	8.0
مقطع عاريه عراقي	8.0
مقطع عاريه عربي	8.0
مقطع عاريه عربيه	8.0
مقطع عاريه فلسطيني	8.0
مقطع عاريه كويتي	8.0
مقطع عاريه لبناني	8.0
مقطع عاريه مصري	8.0
مقطع عاريه مصريه	8.0
مقطع عاريه مغربي	8.0
مقطع عاهرات	8.0
مقطع قحبه	8.0
مقطع قحبه اردني	8.0
مقطع قحبه اماراتي	8.0
مقطع قحبه تونسي	8.0
مقطع قحبه جزايري	8.0
مقطع قحبه خليجي	8.0
مقطع قحبه سعودي	8.0
مقطع قحبه سوري	8.0
مقطع قحبه عراقي	8.0
مقطع قحبه عربي	8.0
مقطع قحبه عربيه	8.0
مقطع قحبه فلسطيني	8.0
مقطع قحبه كويتي	8.0
مقطع قحبه لبناني	8.0
مقطع قحبه مصري	8.0
مقطع قحبه مصريه	8.0
مقطع قحبه مغربي	8.0
مقطع كس	8.0
مقطع متناكه	8.0
مقطع محارم	8.0
مقطع محارم اردني	8.0
مقطع محارم اماراتي	8.0
مقطع محارم تونسي	8.0
مقطع محارم جزايري	8.0
مقطع محارم خليجي	8.0
مقطع محارم سعودي	8.0
مقطع محارم سوري	8.0
مقطع محارم عراقي	8.0
مقطع محارم عربي	8.0
مقطع محارم عربيه	8.0
مقطع محارم فلسطيني	8.0
مقطع محارم كويتي	8.0
مقطع محارم لبناني	8.0
مقطع محارم مصري	8.0
مقطع محارم مصريه	8.0
مقطع محارم مغربي	8.0
مقطع نياكه	8.0
مقطع نيك	8.0
مقطع نيك اردني	8.0
مقطع نيك اماراتي	8.0
مقطع نيك تونسي	8.0
مقطع نيك جزايري	8.0
مقطع نيك خليجي	8.0
مقطع نيك سعودي	8.0
مقطع نيك سوري	8.0
مقطع نيك عراقي	8.0
مقطع نيك عربي	8.0
مقطع نيك عربيه	8.0
مقطع نيك فلسطيني	8.0
مقطع نيك كويتي	8.0
مقطع نيك لبناني	8.0
مقطع نيك مصري	8.0
مقطع نيك مصريه	8.0
مقطع نيك مغربي	8.0
مقون	2.0
ملابس داخليه متيره	4.0
ملابس داخليه مثيره	6.0
ملابس داخليه مسيره	4.0
منايك	8.0
منتدي اباحي	8.0
منتدي اباحيه	8.0
منتدي استمناء	8.0
منتدي بزاز	8.0
منتدي بورن	8.0
منتدي تعري	8.0
منتدي خلاعه	8.0
منتدي دعاره	8.0
منتدي سكس	8.0
منتدي سكسي	8.0
منتدي شرجي	8.0
منتدي شرموطه	8.0
منتدي طيز	8.0
منتدي عاري	8.0
منتدي عاريه	8.0
منتدي عاهرات	8.0
منتدي قحبه	8.0
منتدي كس	8.0
منتدي متناكه	8.0
منتدي محارم	8.0
منتدي نياكه	8.0
منتدي نيك	8.0
منحله	2.0
منوي	2.0
منيك	8.0
منيوج	8.0
منيوق	6.0
منيوك	8.0
منيوكه	8.0
منيوكين	8.0
مواغعه	2.0
مواقع اباحي	8.0
مواقع اباحي اردني	8.0
مواقع اباحي اماراتي	8.0
مواقع اباحي تونسي	8.0
مواقع اباحي جزايري	8.0
مواقع اباحي خليجي	8.0
مواقع اباحي سعودي	8.0
مواقع اباحي سوري	8.0
مواقع اباحي عراقي	8.0
مواقع اباحي عربي	8.0
مواقع اباحي عربيه	8.0
مواقع اباحي فلسطيني	8.0
مواقع اباحي كويتي	8.0
مواقع اباحي لبناني	8.0
مواقع اباحي مصري	8.0
مواقع اباحي مصريه	8.0
مواقع اباحي مغربي	8.0
مواقع اباحيه	8.0
مواقع اباحيه اردني	8.0
مواقع اباحيه اماراتي	8.0
مواقع اباحيه تونسي	8.0
مواقع اباحيه جزايري	8.0
مواقع اباحيه خليجي	8.0
مواقع اباحيه سعودي	8.0
مواقع اباحيه سوري	8.0
مواقع اباحيه عراقي	8.0
مواقع اباحيه عربي	8.0
مواقع اباحيه عربيه	8.0
مواقع اباحيه فلسطيني	8.0
مواقع اباحيه كويتي	8.0
مواقع اباحيه لبناني	8.0
مواقع اباحيه مصري	8.0
مواقع اباحيه مصريه	8.0
مواقع اباحيه مغربي	8.0
مواقع استمناء	8.0
مواقع بزاز	8.0
مواقع بورن	8.0
مواقع بورن اردني	8.0
مواقع بورن اماراتي	8.0
مواقع بورن تونسي	8.0
مواقع بورن جزايري	8.0
مواقع بورن خليجي	8.0
مواقع بورن سعودي	8.0
مواقع بورن سوري	8.0
مواقع بورن عراقي	8.0
مواقع بورن عربي	8.0
مواقع بورن عربيه	8.0
مواقع بورن فلسطيني	8.0
مواقع بورن كويتي	8.0
مواقع بورن لبناني	8.0
مواقع بورن مصري	8.0
مواقع بورن مصريه	8.0
مواقع بورن مغربي	8.0
مواقع تعري	8.0
مواقع خلاعه	8.0
مواقع خلاعه اردني	8.0
مواقع خلاعه اماراتي	8.0
مواقع خلاعه تونسي	8.0
مواقع خلاعه جزايري	8.0
مواقع خلاعه خليجي	8.0
مواقع خلاعه سعودي	8.0
مواقع خلاعه سوري	8.0
مواقع خلاعه عراقي	8.0
مواقع خلاعه عربي	8.0
مواقع خلاعه عربيه	8.0
مواقع خلاعه فلسطيني	8.0
مواقع خلاعه كويتي	8.0
مواقع خلاعه لبناني	8.0
مواقع خلاعه مصري	8.0
مواقع خلاعه مصريه	8.0
مواقع خلاعه مغربي	8.0
مواقع دعاره	8.0
مواقع دعاره اردني	8.0
مواقع دعاره اماراتي	8.0
مواقع دعاره تونسي	8.0
مواقع دعاره جزايري	8.0
مواقع دعاره خليجي	8.0
مواقع دعاره سعودي	8.0
مواقع دعاره سوري	8.0
مواقع دعاره عراقي	8.0
مواقع دعاره عربي	8.0
مواقع دعاره عربيه	8.0
مواقع دعاره فلسطيني	8.0
مواقع دعاره كويتي	8.0
مواقع دعاره لبناني	8.0
مواقع دعاره مصري	8.0
مواقع دعاره مصريه	8.0
مواقع دعاره مغربي	8.0
مواقع سكس	8.0
مواقع سكس اردني	8.0
مواقع سكس اماراتي	8.0
مواقع سكس تونسي	8.0
مواقع سكس جزايري	8.0
مواقع سكس خليجي	8.0
مواقع سكس سعودي	8.0
مواقع سكس سوري	8.0
مواقع سكس عراقي	8.0
مواقع سكس عربي	8.0
مواقع سكس عربيه	8.0
مواقع سكس فلسطيني	8.0
مواقع سكس كويتي	8.0
مواقع سكس لبناني	8.0
مواقع سكس مصري	8.0
مواقع سكس مصريه	8.0
مواقع سكس مغربي	8.0
مواقع سكسي	8.0
مواقع شرجي	8.0
مواقع شرموطه	8.0
مواقع شرموطه اردني	8.0
مواقع شرموطه اماراتي	8.0
مواقع شرموطه تونسي	8.0
مواقع شرموطه جزايري	8.0
مواقع شرموطه خليجي	8.0
مواقع شرموطه سعودي	8.0
مواقع شرموطه سوري	8.0
مواقع شرموطه عراقي	8.0
مواقع شرموطه عربي	8.0
مواقع شرموطه عربيه	8.0
مواقع شرموطه فلسطيني	8.0
مواقع شرموطه كويتي	8.0
مواقع شرموطه لبناني	8.0
مواقع شرموطه مصري	8.0
مواقع شرموطه مصريه	8.0
مواقع شرموطه مغربي	8.0
مواقع طيز	8.0
مواقع عاري	8.0
مواقع عاري اردني	8.0
مواقع عاري اماراتي	8.0
مواقع عاري تونسي	8.0
مواقع عاري جزايري	8.0
مواقع عاري خليجي	8.0
مواقع عاري سعودي	8.0
مواقع عاري سوري	8.0
مواقع عاري عراقي	8.0
مواقع عاري عربي	8.0
مواقع عاري عربيه	8.0
مواقع عاري فلسطيني	8.0
مواقع عاري كويتي	8.0
مواقع عاري لبناني	8.0
مواقع عاري مصري	8.0
مواقع عاري مصريه	8.0
مواقع عاري مغربي	8.0
مواقع عاريه	8.0
مواقع عاريه اردني	8.0
مواقع عاريه اماراتي	8.0
مواقع عاريه تونسي	8.0
مواقع عاريه جزايري	8.0
مواقع عاريه خليجي	8.0
مواقع عاريه سعودي	8.0
مواقع عاريه سوري	8.0
مواقع عاريه عراقي	8.0
مواقع عاريه عربي	8.0
مواقع عاريه عربيه	8.0
مواقع عاريه فلسطيني	8.0
مواقع عاريه كويتي	8.0
مواقع عاريه لبناني	8.0
مواقع عاريه مصري	8.0
مواقع عاريه مصريه	8.0
مواقع عاريه مغربي	8.0
مواقع عاهرات	8.0
مواقع قحبه	8.0
مواقع قحبه اردني	8.0
مواقع قحبه اماراتي	8.0
مواقع قحبه تونسي	8.0
مواقع قحبه جزايري	8.0
مواقع قحبه خليجي	8.0
مواقع قحبه سعودي	8.0
مواقع قحبه سوري	8.0
مواقع قحبه عراقي	8.0
مواقع قحبه عربي	8.0
مواقع قحبه عربيه	8.0
مواقع قحبه فلسطيني	8.0
مواقع قحبه كويتي	8.0
مواقع قحبه لبناني	8.0
مواقع قحبه مصري	8.0
مواقع قحبه مصريه	8.0
مواقع قحبه مغربي	8.0
مواقع كس	8.0
مواقع متناكه	8.0
مواقع محارم	8.0
مواقع محارم اردني	8.0
مواقع محارم اماراتي	8.0
مواقع محارم تونسي	8.0
مواقع محارم جزايري	8.0
مواقع محارم خليجي	8.0
مواقع محارم سعودي	8.0
مواقع محارم سوري	8.0
مواقع محارم عراقي	8.0
مواقع محارم عربي	8.0
مواقع محارم عربيه	8.0
مواقع محارم فلسطيني	8.0
مواقع محارم كويتي	8.0
مواقع محارم لبناني	8.0
مواقع محارم مصري	8.0
مواقع محارم مصريه	8.0
مواقع محارم مغربي	8.0
مواقع نياكه	8.0
مواقع نيك	8.0
مواقع نيك اردني	8.0
مواقع نيك اماراتي	8.0
مواقع نيك تونسي	8.0
مواقع نيك جزايري	8.0
مواقع نيك خليجي	8.0
مواقع نيك سعودي	8.0
مواقع نيك سوري	8.0
مواقع نيك عراقي	8.0
مواقع نيك عربي	8.0
مواقع نيك عربيه	8.0
مواقع نيك فلسطيني	8.0
مواقع نيك كويتي	8.0
مواقع نيك لبناني	8.0
مواقع نيك مصري	8.0
مواقع نيك مصريه	8.0
مواقع نيك مغربي	8.0
مواقعه	4.0
مواكعه	2.0
موخرتها	6.0
موقع اباحي	8.0
موقع اباحي اردني	8.0
موقع اباحي اماراتي	8.0
موقع اباحي تونسي	8.0
موقع اباحي جزايري	8.0
موقع اباحي خليجي	8.0
موقع اباحي سعودي	8.0
موقع اباحي سوري	8.0
موقع اباحي عراقي	8.0
موقع اباحي عربي	8.0
موقع اباحي عربيه	8.0
موقع اباحي فلسطيني	8.0
موقع اباحي كويتي	8.0
موقع اباحي لبناني	8.0
موقع اباحي مصري	8.0
موقع اباحي مصريه	8.0
موقع اباحي مغربي	8.0
موقع اباحيه	8.0
موقع اباحيه اردني	8.0
موقع اباحيه اماراتي	8.0
موقع اباحيه تونسي	8.0
موقع اباحيه جزايري	8.0
موقع اباحيه خليجي	8.0
موقع اباحيه سعودي	8.0
موقع اباحيه سوري	8.0
موقع اباحيه عراقي	8.0
موقع اباحيه عربي	8.0
موقع اباحيه عربيه	8.0
موقع اباحيه فلسطيني	8.0
موقع اباحيه كويتي	8.0
موقع اباحيه لبناني	8.0
موقع اباحيه مصري	8.0
موقع اباحيه مصريه	8.0
موقع اباحيه مغربي	8.0
موقع استمناء	8.0
موقع بزاز	8.0
موقع بورن	8.0
موقع بورن اردني	8.0
موقع بورن اماراتي	8.0
موقع بورن تونسي	8.0
موقع بورن جزايري	8.0
موقع بورن خليجي	8.0
موقع بورن سعودي	8.0
موقع بورن سوري	8.0
موقع بورن عراقي	8.0
موقع بورن عربي	8.0
موقع بورن عربيه	8.0
موقع بورن فلسطيني	8.0
موقع بورن كويتي	8.0
موقع بورن لبناني	8.0
موقع بورن مصري	8.0
موقع بورن مصريه	8.0
موقع بورن مغربي	8.0
موقع تعري	8.0
موقع خلاعه	8.0
موقع خلاعه اردني	8.0
موقع خلاعه اماراتي	8.0
موقع خلاعه تونسي	8.0
موقع خلاعه جزايري	8.0
موقع خلاعه خليجي	8.0
موقع خلاعه سعودي	8.0
موقع خلاعه سوري	8.0
موقع خلاعه عراقي	8.0
موقع خلاعه عربي	8.0
موقع خلاعه عربيه	8.0
موقع خلاعه فلسطيني	8.0
موقع خلاعه كويتي	8.0
موقع خلاعه لبناني	8.0
موقع خلاعه مصري	8.0
موقع خلاعه مصريه	8.0
موقع خلاعه مغربي	8.0
موقع دعاره	8.0
موقع دعاره اردني	8.0
موقع دعاره اماراتي	8.0
موقع دعاره تونسي	8.0
موقع دعاره جزايري	8.0
موقع دعاره خليجي	8.0
موقع دعاره سعودي	8.0
موقع دعاره سوري	8.0
موقع دعاره عراقي	8.0
موقع دعاره عربي	8.0
موقع دعاره عربيه	8.0
موقع دعاره فلسطيني	8.0
موقع دعاره كويتي	8.0
موقع دعاره لبناني	8.0
موقع دعاره مصري	8.0
موقع دعاره مصريه	8.0
موقع دعاره مغربي	8.0
موقع سكس	8.0
موقع سكس اردني	8.0
موقع سكس اماراتي	8.0
موقع سكس تونسي	8.0
موقع سكس جزايري	8.0
موقع سكس خليجي	8.0
موقع سكس سعودي	8.0
موقع سكس سوري	8.0
موقع سكس عراقي	8.0
موقع سكس عربي	8.0
موقع سكس عربيه	8.0
موقع سكس فلسطيني	8.0
موقع سكس كويتي	8.0
موقع سكس لبناني	8.0
موقع سكس مصري	8.0
موقع سكس مصريه	8.0
موقع سكس مغربي	8.0
موقع سكسي	8.0
موقع شرجي	8.0
موقع شرموطه	8.0
موقع شرموطه اردني	8.0
موقع شرموطه اماراتي	8.0
موقع شرموطه تونسي	8.0
موقع شرموطه جزايري	8.0
موقع شرموطه خليجي	8.0
موقع شرموطه سعودي	8.0
موقع شرموطه سوري	8.0
موقع شرموطه عراقي	8.0
موقع شرموطه عربي	8.0
موقع شرموطه عربيه	8.0
موقع شرموطه فلسطيني	8.0
موقع شرموطه كويتي	8.0
موقع شرموطه لبناني	8.0
موقع شرموطه مصري	8.0
موقع شرموطه مصريه	8.0
موقع شرموطه مغربي	8.0
موقع طيز	8.0
موقع عاري	8.0
موقع عاري اردني	8.0
موقع عاري اماراتي	8.0
موقع عاري تونسي	8.0
موقع عاري جزايري	8.0
موقع عاري خليجي	8.0
موقع عاري سعودي	8.0
موقع عاري سوري	8.0
موقع عاري عراقي	8.0
موقع عاري عربي	8.0
موقع عاري عربيه	8.0
موقع عاري فلسطيني	8.0
موقع عاري كويتي	8.0
موقع عاري لبناني	8.0
موقع عاري مصري	8.0
موقع عاري مصريه	8.0
موقع عاري مغربي	8.0
موقع عاريه	8.0
موقع عاريه اردني	8.0
موقع عاريه اماراتي	8.0
موقع عاريه تونسي	8.0
موقع عاريه جزايري	8.0
موقع عاريه خليجي	8.0
موقع عاريه سعودي	8.0
موقع عاريه سوري	8.0
موقع عاريه عراقي	8.0
موقع عاريه عربي	8.0
موقع عاريه عربيه	8.0
موقع عاريه فلسطيني	8.0
موقع عاريه كويتي	8.0
موقع عاريه لبناني	8.0
موقع عاريه مصري	8.0
موقع عاريه مصريه	8.0
موقع عاريه مغربي	8.0
موقع عاهرات	8.0
موقع قحبه	8.0
موقع قحبه اردني	8.0
موقع قحبه اماراتي	8.0
موقع قحبه تونسي	8.0
موقع قحبه جزايري	8.0
موقع قحبه خليجي	8.0
موقع قحبه سعودي	8.0
موقع قحبه سوري	8.0
موقع قحبه عراقي	8.0
موقع قحبه عربي	8.0
موقع قحبه عربيه	8.0
موقع قحبه فلسطيني	8.0
موقع قحبه كويتي	8.0
موقع قحبه لبناني	8.0
موقع قحبه مصري	8.0
موقع قحبه مصريه	8.0
موقع قحبه مغربي	8.0
موقع كس	8.0
موقع متناكه	8.0
موقع محارم	8.0
موقع محارم اردني	8.0
موقع محارم اماراتي	8.0
موقع محارم تونسي	8.0
موقع محارم جزايري	8.0
موقع محارم خليجي	8.0
موقع محارم سعودي	8.0
موقع محارم سوري	8.0
موقع محارم عراقي	8.0
موقع محارم عربي	8.0
موقع محارم عربيه	8.0
موقع محارم فلسطيني	8.0
موقع محارم كويتي	8.0
موقع محارم لبناني	8.0
موقع محارم مصري	8.0
موقع محارم مصريه	8.0
موقع محارم مغربي	8.0
موقع نياكه	8.0
موقع نيك	8.0
موقع نيك اردني	8.0
موقع نيك اماراتي	8.0
موقع نيك تونسي	8.0
موقع نيك جزايري	8.0
موقع نيك خليجي	8.0
موقع نيك سعودي	8.0
موقع نيك سوري	8.0
موقع نيك عراقي	8.0
موقع نيك عربي	8.0
موقع نيك عربيه	8.0
موقع نيك فلسطيني	8.0
موقع نيك كويتي	8.0
موقع نيك لبناني	8.0
موقع نيك مصري	8.0
موقع نيك مصريه	8.0
موقع نيك مغربي	8.0
مومس	6.0
مومسات	8.0
نشوه	4.0
نهودها	6.0
نياكه	8.0
نياكه hd	8.0
نياكه اردني	8.0
نياكه اماراتي	8.0
نياكه اون لاين	8.0
نياكه بنات	8.0
نياكه تونسي	8.0
نياكه جديد	8.0
نياكه جزايري	8.0
نياكه حقيقي	8.0
نياكه خليجي	8.0
نياكه ساخن	8.0
نياكه ساخنه	8.0
نياكه سعودي	8.0
نياكه سوداني	8.0
نياكه سوري	8.0
نياكه عراقي	8.0
نياكه عربي	8.0
نياكه عربيه	8.0
نياكه فضيحه	8.0
نياكه فلسطيني	8.0
نياكه قطري	8.0
نياكه كامل	8.0
نياكه كويتي	8.0
نياكه لبناني	8.0
نياكه ليبي	8.0
نياكه مترجم	8.0
نياكه مجانا	8.0
نياكه مجاني	8.0
نياكه محارم	8.0
نياكه محجبات	8.0
نياكه مراهقات	8.0
نياكه مسرب	8.0
نياكه مصري	8.0
نياكه مصريه	8.0
نياكه مغربي	8.0
نياكه منقبات	8.0
نياكه نار	8.0
نياكه نساء	8.0
نياكه يمني	8.0
نيج	8.0
نيق	6.0
نيك	8.0
نيك hd	8.0
نيك اردني	8.0
نيك اماراتي	8.0
نيك اون لاين	8.0
نيك بنات	8.0
نيك تونسي	8.0
نيك جديد	8.0
نيك جزايري	8.0
نيك حقيقي	8.0
نيك خليجي	8.0
نيك ساخن	8.0
نيك ساخنه	8.0
نيك سعودي	8.0
نيك سوداني	8.0
نيك سوري	8.0
نيك عراقي	8.0
نيك عربي	8.0
نيك عربيه	8.0
نيك فضيحه	8.0
نيك فلسطيني	8.0
نيك قطري	8.0
نيك كامل	8.0
نيك كويتي	8.0
نيك لبناني	8.0
نيك ليبي	8.0
نيك مترجم	8.0
نيك مجانا	8.0
نيك مجاني	8.0
نيك محارم	8.0
نيك محجبات	8.0
نيك مراهقات	8.0
نيك مسرب	8.0
نيك مصري	8.0
نيك مصريه	8.0
نيك مغربي	8.0
نيك منقبات	8.0
نيك نار	8.0
نيك نساء	8.0
نيك يمني	8.0
نيكني	8.0
نيكه	8.0
نيكها	8.0
هنتاي	8.0
يتناك	8.0
يضاجع	6.0
يضاقع	4.0
يظاجع	4.0
يغذف	2.0
يقدف	2.0
يقذف	4.0
يقزف	2.0
يكذف	2.0
يلحس	4.0
يمص	4.0
ينيك	8.0
ينيكها	8.0
